timestep,temperature
1,13.46
2,13.48
3,13.43
4,13.12
5,12.74
6,12.49
7,12.25
8,11.89
9,11.72
10,12.16
11,12.62
12,12.83
13,12.46
14,12.59
15,12.38
16,11.76
17,11.07
18,10.57
19,10.47
20,10.71
21,10.07
22,9.26
23,9.37
24,10.16
25,11.01
26,11.53
27,11.62
28,11.4
29,11.19
30,10.9
31,10.76
32,11.8
33,11.42
34,11.67
35,12
36,11.59
37,11.36
38,11.56
39,11.21
40,10.39
41,9.73
42,9.31
43,8.85
44,8.62
45,8.38
46,8
47,7.5
48,6.88
49,6.58
50,6.51
51,6.49
52,6.32
53,6.21
54,6.09
55,5.96
56,5.71
57,5.63
58,5.79
59,6.08
60,6.26
61,6.78
62,7.21
63,7.3
64,6.85
65,6.29
66,6.24
67,6.28
68,5.38
69,4.87
70,4.66
71,4.82
72,4.85
73,5.05
74,4.93
75,5.28
76,5.43
77,5.43
78,5.52
79,5.78
80,5.57
81,5.73
82,6.19
83,6.78
84,7.48
85,7.73
86,8.19
87,8.46
88,8.8
89,9.07
90,9.27
91,9.41
92,9.3
93,9.49
94,9.34
95,8.78
96,8.56
97,8.41
98,8.56
99,8.23
100,8.11
101,8.17
102,8.25
103,8.08
104,8.01
105,7.86
106,7.97
107,8.35
108,8.61
109,8.84
110,8.75
111,8.38
112,8.1
113,7.72
114,7.64
115,7.55
116,7.54
117,7.47
118,7.5
119,7.5
120,7.45
121,7.44
122,7.49
123,7.6
124,7.83
125,8.04
126,8.23
127,8.29
128,8.64
129,8.85
130,9.09
131,9.17
132,9.3
133,9.25
134,9.18
135,9.3
136,9.11
137,8.84
138,8.36
139,8.17
140,8.4
141,8.28
142,8.19
143,8.11
144,8.16
145,8.24
146,7.84
147,7.95
148,7.75
149,7.65
150,7.56
151,7.44
152,7.03
153,6.8
154,7.25
155,8.14
156,8.72
157,9.3
158,9.39
159,9.17
160,8.45
161,7.2
162,6.49
163,5.95
164,6.88
165,6.85
166,6.38
167,6.27
168,6.51
169,6.48
170,6.55
171,6.29
172,6.14
173,6
174,5.96
175,6.04
176,6.6
177,6.82
178,7.14
179,7.43
180,7.97
181,8.26
182,8.45
183,8.38
184,8.27
185,7.73
186,7.37
187,7.11
188,6.68
189,6.39
190,6.09
191,5.67
192,4.95
193,4.11
194,4.41
195,4.83
196,5.01
197,5.22
198,5.06
199,5.12
200,6.16
201,5.96
202,5.74
203,5.83
204,6.16
205,6.4
206,6.67
207,6.72
208,6.18
209,5.72
210,5.4
211,5.25
212,5.5
213,5.41
214,5.05
215,4.57
216,4.35
217,4.24
218,4.19
219,4.19
220,4.2
221,4.36
222,4.35
223,4.3
224,4.33
225,4.4
226,4.63
227,4.93
228,5.32
229,5.53
230,5.52
231,5.59
232,5
233,4.22
234,3.95
235,3.75
236,3.84
237,3.91
238,4.08
239,4.07
240,4.02
241,4.05
242,3.98
243,4.29
244,4.75
245,5.25
246,5.76
247,6.34
248,6.16
249,6.67
250,7.08
251,7.46
252,7.8
253,8.01
254,8.08
255,8.1
256,7.85
257,7.23
258,6.41
259,5.86
260,5.94
261,5.63
262,5.29
263,5.16
264,4.81
265,4.73
266,5.01
267,5.46
268,5.55
269,5.9
270,6.06
271,6.24
272,6.71
273,6.74
274,6.71
275,6.67
276,6.76
277,7
278,7.35
279,7.61
280,7.78
281,7.88
282,7.94
283,7.96
284,8.08
285,8.13
286,8.19
287,8.23
288,8.24
289,8.21
290,8.32
291,8.38
292,8.45
293,8.53
294,8.22
295,7.99
296,7.88
297,7.68
298,7.54
299,7.6
300,7.82
301,7.93
302,7.76
303,7.41
304,6.81
305,6.18
306,6.16
307,6.2
308,5.71
309,5.24
310,5.3
311,5.51
312,5.47
313,5.52
314,5.16
315,5.13
316,5.04
317,5
318,4.92
319,4.75
320,4.13
321,4.05
322,4.51
323,5.18
324,5.91
325,6.11
326,6.09
327,6.18
328,6.48
329,6.86
330,7.14
331,7.41
332,7.42
333,7.59
334,7.86
335,8.19
336,8.62
337,8.89
338,9.02
339,8.92
340,8.33
341,6.81
342,5.55
343,4.79
344,4.76
345,4.66
346,4.74
347,4.9
348,4.99
349,5.05
350,5.13
351,5.26
352,5.02
353,4.47
354,4.22
355,3.93
356,3.86
357,3.68
358,3.42
359,3.15
360,2.91
361,2.73
362,2.47
363,2.24
364,2.25
365,2.14
366,2.13
367,1.84
368,1.62
369,2.13
370,2.69
371,3.33
372,4.12
373,4.65
374,5.06
375,4.93
376,4.8
377,4.48
378,4.33
379,3.84
380,3.85
381,3.57
382,3.01
383,2.72
384,2.74
385,2.65
386,2.58
387,2.44
388,2.01
389,1.84
390,1.65
391,1.29
392,0.91
393,0.7
394,0.9
395,1.54
396,1.96
397,2.28
398,2.45
399,2.39
400,1.78
401,0.68
402,0.53
403,-0.02
404,-0.41
405,-1.11
406,-1.39
407,-1.48
408,-2.04
409,-2.67
410,-3
411,-2.92
412,-2.92
413,-3.01
414,-3.07
415,-3.12
416,-3.2
417,-2.9
418,-1.33
419,0.18
420,1.07
421,1.63
422,1.85
423,1.5
424,0.36
425,-1.07
426,-2.43
427,-3.42
428,-4.17
429,-4.55
430,-4.75
431,-4.62
432,-4.15
433,-3.58
434,-3.31
435,-3.05
436,-2.79
437,-2.6
438,-2.42
439,-2.23
440,-1.42
441,-1.1
442,-0.67
443,-0.19
444,0.24
445,0.33
446,0.09
447,-0.15
448,-0.49
449,-1
450,-1.21
451,-1.45
452,-0.86
453,-0.69
454,-0.64
455,-0.61
456,-0.87
457,-0.98
458,-0.76
459,-0.88
460,-1.06
461,-1.59
462,-1.97
463,-2.63
464,-2.6
465,-2.9
466,-1.26
467,0.01
468,0.74
469,1.37
470,1.63
471,1.56
472,1.2
473,0.68
474,0.37
475,-0.13
476,-1.4
477,-2.49
478,-3.43
479,-4.22
480,-4.38
481,-4.19
482,-3.74
483,-3.25
484,-2.73
485,-2.71
486,-2.56
487,-2.55
488,-2.77
489,-2.58
490,-2.07
491,-1.56
492,-1.01
493,-0.69
494,-0.32
495,-0.03
496,-0.18
497,-0.31
498,-0.23
499,-0.23
500,-0.42
501,-0.55
502,-0.61
503,-0.62
504,-0.55
505,-0.44
506,-0.29
507,-0.23
508,-0.21
509,-0.25
510,-0.39
511,-0.39
512,-0.66
513,-0.65
514,-0.48
515,-0.07
516,0.15
517,0.37
518,0.39
519,0.42
520,0.23
521,-0.02
522,-0.15
523,-0.11
524,-0.45
525,-0.48
526,-0.57
527,-0.57
528,-0.51
529,-0.53
530,-0.95
531,-1.06
532,-1.11
533,-1.02
534,-1.03
535,-0.99
536,-0.94
537,-0.85
538,-0.62
539,-0.38
540,-0.25
541,0.09
542,0.28
543,0.36
544,0.2
545,0.04
546,0.03
547,-0.13
548,-0.3
549,-0.45
550,-0.49
551,-0.46
552,-0.51
553,-0.71
554,-0.76
555,-0.99
556,-1.03
557,-1.49
558,-1.49
559,-1.41
560,-1.88
561,-1.52
562,-1.17
563,-0.76
564,-0.27
565,0.18
566,0.35
567,0.38
568,0.19
569,-0.18
570,-0.88
571,-0.94
572,-1.94
573,-1.93
574,-1.91
575,-1.85
576,-1.92
577,-1.74
578,-1.94
579,-2.02
580,-2.36
581,-2.45
582,-2.87
583,-2.71
584,-2.81
585,-3.17
586,-2.44
587,-1.82
588,-1.38
589,-0.89
590,-0.77
591,-0.66
592,-0.87
593,-1.13
594,-1.46
595,-1.97
596,-2.34
597,-2.53
598,-2.72
599,-2.65
600,-3.07
601,-3.39
602,-3.55
603,-3.54
604,-4.06
605,-4.14
606,-4.09
607,-4.2
608,-4.35
609,-4.26
610,-3.62
611,-2.69
612,-1.95
613,-1.41
614,-1.01
615,-1.03
616,-1.16
617,-1.48
618,-1.8
619,-2.05
620,-2.33
621,-2.38
622,-2.32
623,-2.49
624,-2.51
625,-2.41
626,-2.22
627,-2.07
628,-1.99
629,-1.79
630,-1.63
631,-1.48
632,-1.16
633,-0.84
634,-0.32
635,0.18
636,0.59
637,0.87
638,0.87
639,0.84
640,0.65
641,0.43
642,0.28
643,0.15
644,-0.11
645,-0.31
646,-0.49
647,-0.69
648,-0.88
649,-1.18
650,-1.77
651,-2.52
652,-3.42
653,-4.24
654,-4.74
655,-4.93
656,-5.09
657,-3.94
658,-3.2
659,-3.86
660,-1.87
661,-1.42
662,-1.26
663,-1.23
664,-1.3
665,-2.28
666,-3.21
667,-4.33
668,-5.11
669,-6
670,-6.56
671,-7.06
672,-7.57
673,-7.77
674,-8.15
675,-7.6
676,-7.06
677,-7
678,-6.64
679,-5.41
680,-3.94
681,-2.96
682,-2.14
683,-1.44
684,-0.8
685,-0.29
686,-0.12
687,0
688,-0.13
689,-0.68
690,-1
691,-1.44
692,-2.11
693,-2.28
694,-2.42
695,-2.2
696,-1.88
697,-1.4
698,-0.57
699,0.03
700,0.39
701,0.93
702,1.37
703,1.64
704,1.57
705,2
706,2.58
707,3.07
708,3.44
709,3.45
710,3.4
711,3.76
712,3.52
713,3.31
714,3.15
715,2.78
716,2.55
717,2.42
718,2.11
719,1.86
720,1.72
721,1.71
722,1.78
723,1.55
724,1.47
725,1.48
726,1.6
727,1.48
728,1.7
729,1.74
730,2.31
731,2.94
732,3.06
733,2.64
734,2.89
735,3.13
736,3.08
737,3.15
738,3.41
739,3.74
740,3.64
741,3.76
742,3.89
743,3.42
744,2.95
745,2.73
746,2.51
747,2.29
748,2.41
749,2.67
750,2.55
751,2.48
752,2.15
753,2.14
754,2.57
755,3.42
756,3.89
757,4.61
758,4.44
759,3.22
760,3.17
761,2.97
762,2.61
763,2.84
764,3.18
765,3.07
766,2.76
767,2.77
768,2.6
769,2.62
770,2.4
771,2.45
772,2.32
773,2.37
774,2.35
775,2.24
776,2.55
777,2.69
778,3.01
779,3.2
780,3.23
781,3.3
782,3.61
783,3.6
784,3.47
785,2.88
786,2.56
787,2.44
788,2.19
789,2.14
790,2.11
791,2.43
792,3.19
793,4.29
794,4.98
795,5.3
796,5.45
797,5.54
798,5.62
799,5.69
800,5.7
801,5.79
802,5.92
803,6.12
804,6.35
805,6.47
806,6.55
807,6.58
808,6.26
809,5.74
810,5.43
811,5.27
812,4.39
813,4.18
814,4.27
815,4.3
816,4.36
817,4.23
818,3.92
819,3.22
820,2.24
821,1.52
822,0.71
823,0.32
824,0.13
825,0.2
826,1.12
827,1.65
828,2
829,2.24
830,2.45
831,2.45
832,2.25
833,1.87
834,1.03
835,-0.17
836,-2.09
837,-2.75
838,-2.42
839,-2.6
840,-2.94
841,-4
842,-4.52
843,-4.37
844,-4.46
845,-4.82
846,-4.48
847,-4.82
848,-4.43
849,-2.89
850,-1.33
851,-0.66
852,0
853,0.57
854,0.97
855,0.73
856,0.53
857,0.12
858,-0.39
859,-0.68
860,-0.97
861,-1.75
862,-2.98
863,-2.55
864,-1.85
865,-1.56
866,-1.29
867,-1.03
868,-0.72
869,-0.47
870,-0.2
871,-0.07
872,0.04
873,0.07
874,0.15
875,0.54
876,0.86
877,1.11
878,1.15
879,0.94
880,0.62
881,0.13
882,-0.27
883,-0.56
884,-1.33
885,-1.74
886,-2.42
887,-2.63
888,-3.06
889,-3.53
890,-4.14
891,-4.58
892,-5.23
893,-5.16
894,-5.76
895,-6.28
896,-5.64
897,-4.44
898,-3.65
899,-2.56
900,-1.17
901,-0.06
902,0.6
903,0.79
904,0.38
905,-0.65
906,-2.24
907,-3.82
908,-4.78
909,-5.03
910,-4.41
911,-3.86
912,-3.93
913,-3.99
914,-4.07
915,-4.36
916,-5.24
917,-5.78
918,-6.06
919,-6
920,-6.46
921,-5.08
922,-3.04
923,-1.1
924,0.43
925,1.42
926,1.92
927,1.94
928,1.22
929,-0.48
930,-2.14
931,-2.97
932,-3.71
933,-4.07
934,-4.42
935,-4.96
936,-5.54
937,-5.32
938,-5.5
939,-5.5
940,-5.35
941,-5.59
942,-6.09
943,-6.41
944,-7.18
945,-5.42
946,-2.89
947,-1.28
948,-0.07
949,0.87
950,1.45
951,1.62
952,1.01
953,-0.57
954,-1.9
955,-2.23
956,-2.5
957,-2.81
958,-3
959,-2.86
960,-2.61
961,-1.89
962,-0.99
963,-0.94
964,-0.61
965,-1.18
966,-1.03
967,-0.74
968,-1.07
969,-0.3
970,0.89
971,2.47
972,3.31
973,3.9
974,4.26
975,4.11
976,3.44
977,1.97
978,0.83
979,0.09
980,-0.15
981,-0.13
982,-0.11
983,0.32
984,0.67
985,0.92
986,1.05
987,1.49
988,1.81
989,2.07
990,2.23
991,2.37
992,2.29
993,2.61
994,2.92
995,3.42
996,4.04
997,4.52
998,4.97
999,5.02
1000,5.06
1001,4.92
1002,4.77
1003,4.74
1004,4.47
1005,4.46
1006,4.47
1007,4.46
1008,4.49
1009,4.47
1010,4.68
1011,4.63
1012,4.55
1013,4.46
1014,4.35
1015,4.02
1016,4.12
1017,4.45
1018,4.86
1019,5.34
1020,5.98
1021,6.1
1022,6.31
1023,6.47
1024,6.23
1025,5.81
1026,5.28
1027,4.82
1028,4.37
1029,4.1
1030,3.8
1031,3.75
1032,3.94
1033,3.69
1034,2.37
1035,1.85
1036,1.69
1037,2.04
1038,2.08
1039,2.26
1040,2.22
1041,2.69
1042,3.29
1043,3.88
1044,4.65
1045,5.23
1046,5.51
1047,5.68
1048,5.73
1049,5.48
1050,4.75
1051,4.17
1052,4.01
1053,3.72
1054,3.18
1055,2.64
1056,2.45
1057,2.11
1058,1.08
1059,-0.97
1060,-1.06
1061,-1.03
1062,-1.14
1063,-1.13
1064,-1.12
1065,-0.16
1066,1.3
1067,2.98
1068,4.5
1069,5.97
1070,7.14
1071,7.67
1072,7.47
1073,6.27
1074,4.26
1075,2.39
1076,1.79
1077,1.65
1078,0.66
1079,-0.7
1080,-1.38
1081,-1.63
1082,-1.48
1083,-1.44
1084,-1.8
1085,-2.16
1086,-2.48
1087,-2.53
1088,-3.2
1089,-0.82
1090,2.09
1091,4.2
1092,5.84
1093,7.18
1094,8.05
1095,8.48
1096,8.13
1097,6.58
1098,4.47
1099,2.7
1100,0.93
1101,0.18
1102,-0.08
1103,-0.14
1104,-0.11
1105,-0.13
1106,-0.1
1107,-0.18
1108,-0.36
1109,-0.69
1110,-1.05
1111,-1.36
1112,-1.62
1113,0.59
1114,3.83
1115,5.75
1116,7.12
1117,8.35
1118,9.24
1119,9.42
1120,9.09
1121,8.15
1122,7.24
1123,6.62
1124,5.71
1125,5.54
1126,5.39
1127,5.44
1128,5.96
1129,6.34
1130,6.31
1131,6.47
1132,6.63
1133,6.78
1134,6.89
1135,7
1136,7.21
1137,7.62
1138,7.97
1139,8.4
1140,8.98
1141,9.56
1142,10.46
1143,11.11
1144,11.01
1145,10.55
1146,10
1147,9.46
1148,9.61
1149,9.19
1150,8.93
1151,8.47
1152,7.7
1153,7.13
1154,7.32
1155,7.14
1156,7.33
1157,7.6
1158,7.95
1159,8.22
1160,8.31
1161,8.36
1162,8.52
1163,8.83
1164,8.93
1165,8.84
1166,8.69
1167,8.23
1168,8.15
1169,8.31
1170,8.4
1171,8.41
1172,7.83
1173,7.71
1174,7.67
1175,7.65
1176,7.67
1177,7.52
1178,7.51
1179,7.38
1180,7.13
1181,7.18
1182,7.35
1183,7.37
1184,7.02
1185,5.75
1186,4.48
1187,4.32
1188,4.9
1189,5.64
1190,6.01
1191,6.22
1192,5.93
1193,5.5
1194,4.86
1195,4.29
1196,3.5
1197,3.3
1198,3.62
1199,4.06
1200,4.29
1201,4.65
1202,4.6
1203,4.68
1204,4.35
1205,3.9
1206,3.7
1207,3.3
1208,3.83
1209,4.67
1210,5.51
1211,6.74
1212,7.98
1213,8.38
1214,8.22
1215,8.4
1216,8.13
1217,7.58
1218,7.23
1219,6.93
1220,6.62
1221,6.44
1222,6.42
1223,6.46
1224,6.55
1225,6.7
1226,7
1227,7.07
1228,7.1
1229,7.11
1230,7.1
1231,7.02
1232,7.17
1233,7.35
1234,7.65
1235,7.92
1236,8.33
1237,8.82
1238,9.37
1239,9.8
1240,9.63
1241,9
1242,7.96
1243,7.18
1244,7.21
1245,6.67
1246,5.71
1247,5.96
1248,6.01
1249,5.64
1250,4.39
1251,3.29
1252,2.99
1253,3.07
1254,2.87
1255,3.08
1256,3.19
1257,4.94
1258,6.67
1259,8.22
1260,10.23
1261,11.47
1262,12.17
1263,12.4
1264,12.12
1265,10.98
1266,9.45
1267,8.33
1268,7.22
1269,6.48
1270,6.77
1271,6.25
1272,5.76
1273,5.2
1274,4.78
1275,4.58
1276,4.21
1277,4.02
1278,3.87
1279,3.98
1280,4.11
1281,5.78
1282,7.57
1283,8.64
1284,9.67
1285,9.9
1286,9.44
1287,8.99
1288,8.68
1289,8.2
1290,7.65
1291,7.14
1292,7.06
1293,6.76
1294,6.51
1295,6.31
1296,6.09
1297,5.71
1298,5
1299,4.1
1300,3.4
1301,3
1302,2.78
1303,2.6
1304,2.3
1305,2.41
1306,2.89
1307,3.49
1308,3.93
1309,3.96
1310,3.4
1311,2.81
1312,2.3
1313,2.01
1314,1.87
1315,1.97
1316,1.88
1317,1.55
1318,1.6
1319,1.9
1320,1.68
1321,1.51
1322,1.65
1323,1.47
1324,1.53
1325,1.36
1326,1.27
1327,0.98
1328,1.13
1329,1.39
1330,1.54
1331,1.81
1332,2.43
1333,2.57
1334,2.61
1335,2.24
1336,1.74
1337,1.13
1338,0.16
1339,-0.32
1340,-0.99
1341,-1.51
1342,-1.91
1343,-2.3
1344,-2.59
1345,-2.73
1346,-2.95
1347,-3.07
1348,-2.87
1349,-2.71
1350,-2.93
1351,-3.06
1352,-2.47
1353,-1.61
1354,-0.78
1355,0.12
1356,0.79
1357,1.09
1358,1.33
1359,1.32
1360,1.09
1361,0.57
1362,-0.71
1363,-1.64
1364,-2.01
1365,-2.36
1366,-2.87
1367,-3.48
1368,-3.41
1369,-3.64
1370,-3.27
1371,-3.18
1372,-3.12
1373,-2.87
1374,-2.8
1375,-2.73
1376,-3.64
1377,-1.54
1378,0.06
1379,1.49
1380,2.24
1381,2.58
1382,2.64
1383,2.51
1384,2.18
1385,1.47
1386,-0.04
1387,-1.02
1388,-1.55
1389,-2.32
1390,-3.1
1391,-3.8
1392,-4.2
1393,-4.27
1394,-4.63
1395,-4.84
1396,-5.04
1397,-5.03
1398,-4.4
1399,-3.29
1400,-3.54
1401,-0.98
1402,0.44
1403,1.25
1404,1.85
1405,2.37
1406,2.7
1407,2.59
1408,2.26
1409,1.39
1410,-0.19
1411,-1.29
1412,-2.13
1413,-3.26
1414,-3.73
1415,-3.85
1416,-3.92
1417,-4
1418,-4.59
1419,-4.91
1420,-4.97
1421,-5.1
1422,-5.28
1423,-5.34
1424,-4.99
1425,-1.87
1426,-0.13
1427,1.1
1428,2.14
1429,2.97
1430,3.47
1431,3.57
1432,3.03
1433,1.79
1434,-0.16
1435,-1.25
1436,-1.16
1437,-1.41
1438,-1.63
1439,-1.97
1440,-2.36
1441,-2.66
1442,-2.84
1443,-2.94
1444,-3.1
1445,-3.33
1446,-3.68
1447,-4.01
1448,-3.02
1449,-0.14
1450,1.76
1451,3.27
1452,4.46
1453,5.25
1454,5.55
1455,5.5
1456,4.88
1457,3.57
1458,1.4
1459,-0.09
1460,-0.99
1461,-1.53
1462,-1.89
1463,-1.82
1464,-1.55
1465,-1.45
1466,-1.64
1467,-1.72
1468,-1.81
1469,-1.9
1470,-1.91
1471,-1.94
1472,-1.74
1473,-1.32
1474,-0.55
1475,0.22
1476,1.23
1477,2.21
1478,2.95
1479,3.37
1480,3.39
1481,3.03
1482,2.15
1483,0.9
1484,-0.11
1485,-0.77
1486,-0.72
1487,-0.61
1488,-0.28
1489,-0.44
1490,-0.26
1491,-0.41
1492,-0.02
1493,0.33
1494,0.49
1495,0.56
1496,0.88
1497,1.5
1498,1.91
1499,2.55
1500,3.54
1501,4.01
1502,4.16
1503,4.58
1504,4.02
1505,3.34
1506,2.5
1507,1.73
1508,1.35
1509,0.84
1510,0.54
1511,-0.08
1512,-0.27
1513,-0.43
1514,-0.41
1515,-0.18
1516,0.17
1517,0.39
1518,0.47
1519,0.57
1520,0.75
1521,1.12
1522,1.69
1523,2.16
1524,2.77
1525,3.45
1526,3.64
1527,3.71
1528,3.46
1529,3.07
1530,2.19
1531,1.18
1532,1.13
1533,0.6
1534,0.48
1535,0.32
1536,0.08
1537,-0.07
1538,-0.39
1539,-0.58
1540,-0.58
1541,-0.37
1542,-0.05
1543,0
1544,0.36
1545,1.33
1546,2.33
1547,3
1548,3.58
1549,3.77
1550,3.97
1551,3.94
1552,4.03
1553,2.98
1554,1.94
1555,1.03
1556,0.12
1557,-0.62
1558,-0.96
1559,-0.62
1560,-0.33
1561,-0.03
1562,0.04
1563,0.1
1564,0.38
1565,0.89
1566,1.14
1567,1.27
1568,1.71
1569,2.2
1570,3
1571,3.43
1572,3.86
1573,3.49
1574,2.97
1575,2.61
1576,1.99
1577,1.47
1578,0.96
1579,0.63
1580,0.21
1581,0
1582,-0.12
1583,-0.28
1584,-0.41
1585,-0.68
1586,-0.87
1587,-0.93
1588,-1.15
1589,-1.37
1590,-1.49
1591,-1.67
1592,-1.79
1593,-0.79
1594,-0.22
1595,0.06
1596,0.36
1597,0.69
1598,0.92
1599,0.95
1600,0.9
1601,0.8
1602,0.52
1603,0.37
1604,0.2
1605,0.02
1606,-0.08
1607,-0.15
1608,-0.37
1609,-0.56
1610,-0.69
1611,-0.69
1612,-0.71
1613,-0.72
1614,-0.69
1615,-0.68
1616,-0.64
1617,-0.35
1618,0.1
1619,0.97
1620,1.71
1621,2.46
1622,2.72
1623,2.94
1624,2.56
1625,3.45
1626,3.25
1627,1.6
1628,0.95
1629,1.1
1630,1.36
1631,1.95
1632,3.05
1633,4.42
1634,5.88
1635,6.08
1636,6.16
1637,6.65
1638,7.33
1639,7.56
1640,7.89
1641,8.15
1642,8.38
1643,9.4
1644,10.62
1645,10.85
1646,10.56
1647,10.45
1648,9.64
1649,8.89
1650,7.46
1651,6.73
1652,6.87
1653,6.05
1654,4.65
1655,1.56
1656,0.18
1657,0.06
1658,-0.02
1659,-0.29
1660,-0.65
1661,-0.92
1662,-1.12
1663,-1.15
1664,-1.2
1665,-0.43
1666,0.22
1667,1.05
1668,1.9
1669,2.5
1670,2.75
1671,3.18
1672,3.15
1673,2.82
1674,1.98
1675,0.66
1676,-0.6
1677,-1.5
1678,-2.28
1679,-2.86
1680,-3.18
1681,-3.23
1682,-3.38
1683,-3.53
1684,-3.8
1685,-3.89
1686,-3.85
1687,-3.47
1688,-1.16
1689,0.57
1690,1.55
1691,1.93
1692,2.29
1693,2.58
1694,2.54
1695,2.09
1696,2.64
1697,3.34
1698,3.91
1699,4.6
1700,4.35
1701,5.08
1702,5.57
1703,5.8
1704,5.73
1705,5.46
1706,5.1
1707,5.28
1708,5.52
1709,5.61
1710,6
1711,6.68
1712,7.7
1713,8.62
1714,9.65
1715,10.66
1716,11.24
1717,11.5
1718,11.92
1719,12.31
1720,12.71
1721,12.86
1722,12.3
1723,11.86
1724,11.62
1725,11.38
1726,11.12
1727,10.83
1728,10.39
1729,9.84
1730,9.75
1731,9.61
1732,9.43
1733,9.06
1734,8.59
1735,8.05
1736,8.4
1737,9
1738,9.62
1739,10.2
1740,10.69
1741,10.69
1742,11.06
1743,8.86
1744,3.73
1745,2.8
1746,2.9
1747,2.51
1748,2.35
1749,1.98
1750,1.82
1751,1.78
1752,1.52
1753,1.01
1754,0.65
1755,0.28
1756,-0.02
1757,-0.28
1758,-0.45
1759,-0.23
1760,0.99
1761,2.07
1762,3.05
1763,4.06
1764,4.85
1765,5.62
1766,5.88
1767,5.78
1768,4.82
1769,4.6
1770,3.81
1771,2.28
1772,0.66
1773,-0.66
1774,-1.24
1775,-1.56
1776,-1.07
1777,-0.95
1778,-1.26
1779,-1.44
1780,-1.98
1781,-2.68
1782,-3.17
1783,-3.05
1784,-1.31
1785,1.8
1786,3.26
1787,4.63
1788,5.57
1789,6.13
1790,6.59
1791,6.71
1792,6.67
1793,6
1794,4.74
1795,3.78
1796,3.19
1797,2.45
1798,1.91
1799,1.33
1800,1.01
1801,0.21
1802,-0.62
1803,-0.65
1804,-0.34
1805,-0.13
1806,-0.24
1807,-0.41
1808,1.79
1809,5.67
1810,7.95
1811,9.76
1812,11.31
1813,12.12
1814,12.71
1815,12.88
1816,12.65
1817,11.91
1818,10.49
1819,8.66
1820,7.41
1821,6.47
1822,6.16
1823,6.05
1824,5.51
1825,5.23
1826,4.87
1827,4.55
1828,4.52
1829,4.52
1830,4.41
1831,4.36
1832,6.23
1833,10.22
1834,11.86
1835,13.45
1836,14.83
1837,15.76
1838,15.89
1839,16.19
1840,15.77
1841,15.12
1842,13.45
1843,11.64
1844,12.87
1845,12.06
1846,11.51
1847,10.31
1848,7.68
1849,8.42
1850,8.94
1851,9.02
1852,8.86
1853,8.29
1854,7.48
1855,6.22
1856,7.49
1857,10.42
1858,12.39
1859,13.44
1860,14.35
1861,14.65
1862,14.81
1863,14.42
1864,14.27
1865,13.73
1866,12.23
1867,10.26
1868,8.88
1869,7.74
1870,6.74
1871,6.03
1872,5.81
1873,5.72
1874,4.95
1875,4.64
1876,4.98
1877,5.08
1878,5.36
1879,5.77
1880,7.86
1881,8.66
1882,9.44
1883,9.93
1884,10.06
1885,9.95
1886,10.19
1887,10.34
1888,10.27
1889,9.65
1890,8.72
1891,7.84
1892,7.37
1893,6.93
1894,6.68
1895,6.69
1896,6.78
1897,6.73
1898,6.52
1899,6.46
1900,6.48
1901,6.51
1902,6.53
1903,6.61
1904,6.83
1905,7.33
1906,8.46
1907,10.18
1908,11.14
1909,11.72
1910,12.42
1911,12.36
1912,11.77
1913,11.14
1914,10.42
1915,9.64
1916,8.25
1917,7.53
1918,6.79
1919,6.17
1920,5.83
1921,5.59
1922,5.2
1923,4.98
1924,4.49
1925,4.32
1926,4.62
1927,5.22
1928,6.81
1929,9
1930,10.49
1931,12.19
1932,13.15
1933,13.91
1934,14.19
1935,13.93
1936,13.33
1937,12.77
1938,12.05
1939,11.51
1940,11.53
1941,11.41
1942,11.25
1943,11.08
1944,11.1
1945,11.36
1946,11.4
1947,10.99
1948,10.87
1949,10.56
1950,10.29
1951,10.26
1952,10.23
1953,11.15
1954,12.08
1955,12.63
1956,12.69
1957,12.42
1958,12.41
1959,12.87
1960,13.23
1961,12.68
1962,11.95
1963,11.31
1964,10.79
1965,10.29
1966,9.8
1967,9.57
1968,9.53
1969,9.75
1970,10.13
1971,10.5
1972,10.43
1973,10.43
1974,10.71
1975,10.75
1976,11.54
1977,12.23
1978,12.65
1979,12.74
1980,12.67
1981,12.97
1982,13.03
1983,13.4
1984,13.26
1985,12.8
1986,11.79
1987,10.66
1988,9.5
1989,9.1
1990,8.83
1991,8.72
1992,8.18
1993,8.1
1994,7.75
1995,7.46
1996,7.28
1997,7.03
1998,6.56
1999,6.36
2000,7.32
2001,7.9
2002,8.86
2003,9.95
2004,10.27
2005,8.99
2006,9.58
2007,10.02
2008,9.98
2009,9.52
2010,8.76
2011,7.58
2012,6.93
2013,6.68
2014,6.53
2015,6.66
2016,6.4
2017,6.34
2018,6.14
2019,5.96
2020,6.11
2021,5.89
2022,6.05
2023,6.12
2024,6.54
2025,7.03
2026,7.91
2027,8.67
2028,8.75
2029,8.77
2030,8.48
2031,7.71
2032,6.98
2033,6.19
2034,5.65
2035,5.3
2036,5.45
2037,5.51
2038,5.35
2039,4.88
2040,4.24
2041,3.59
2042,3.27
2043,2.66
2044,2.06
2045,1.38
2046,0.79
2047,0.32
2048,1.06
2049,2.23
2050,3.4
2051,4.54
2052,5.43
2053,6.01
2054,6.08
2055,6.06
2056,4.41
2057,3.67
2058,3.02
2059,2.32
2060,1.63
2061,1.3
2062,1.23
2063,0.81
2064,0.72
2065,0.51
2066,0.9
2067,0.78
2068,0.47
2069,0.38
2070,0.25
2071,0.18
2072,1.27
2073,2.27
2074,3.66
2075,4.76
2076,5.55
2077,5.97
2078,6.22
2079,6.42
2080,6.61
2081,6.65
2082,6.11
2083,4.44
2084,2.54
2085,1.56
2086,0.43
2087,0.46
2088,0.38
2089,1.19
2090,1.6
2091,1.63
2092,1.56
2093,1.51
2094,1.61
2095,1.86
2096,3.49
2097,4.57
2098,5.47
2099,6.83
2100,7.98
2101,8.8
2102,9.82
2103,10.37
2104,10.13
2105,10.01
2106,9.84
2107,9.49
2108,9.55
2109,8.97
2110,8.48
2111,8
2112,7.53
2113,6.84
2114,6.51
2115,6.64
2116,7.02
2117,7.9
2118,8.17
2119,8.91
2120,10.91
2121,12.04
2122,12.79
2123,13.5
2124,14.49
2125,15.34
2126,14
2127,12.94
2128,13.01
2129,12.99
2130,12.01
2131,10.8
2132,9.99
2133,9.47
2134,9.12
2135,8.68
2136,8.44
2137,8.3
2138,8.12
2139,8.11
2140,7.79
2141,7.42
2142,7.3
2143,7.75
2144,8.74
2145,9.58
2146,10.1
2147,9.57
2148,9.05
2149,9.1
2150,10.31
2151,12.03
2152,10.53
2153,10.29
2154,9.92
2155,9.37
2156,9.02
2157,8.64
2158,8.31
2159,8.16
2160,8.34
2161,8.04
2162,8.22
2163,8.29
2164,8.27
2165,8.12
2166,7.95
2167,7.99
2168,8
2169,8.46
2170,8.85
2171,8.98
2172,9.23
2173,9.4
2174,9.62
2175,9.6
2176,9.7
2177,9.65
2178,9.39
2179,8.73
2180,8
2181,7.5
2182,6.72
2183,5.68
2184,4.59
2185,3.74
2186,2.62
2187,1.91
2188,1.42
2189,1.04
2190,0.82
2191,0.87
2192,0.96
2193,1.37
2194,1.71
2195,2.37
2196,3.2
2197,3.96
2198,4.56
2199,4.9
2200,5.09
2201,4.74
2202,4.41
2203,4.02
2204,3.4
2205,3.06
2206,2.6
2207,1.92
2208,1.13
2209,0.33
2210,0.13
2211,-0.56
2212,-1.11
2213,-1.52
2214,-1.93
2215,-1.46
2216,-0.34
2217,0.58
2218,1.64
2219,2.54
2220,2.95
2221,3.16
2222,3.13
2223,2.93
2224,2.75
2225,2.5
2226,2.14
2227,1.78
2228,0.79
2229,0.12
2230,-0.36
2231,-1.41
2232,-2.37
2233,-2.87
2234,-2.95
2235,-2.97
2236,-2.85
2237,-3.05
2238,-3.02
2239,-2.46
2240,-0.1
2241,1.09
2242,2.12
2243,2.65
2244,3.19
2245,3.63
2246,4.05
2247,4.17
2248,4.19
2249,3.76
2250,3.19
2251,2.32
2252,1.74
2253,0.76
2254,0.72
2255,1.28
2256,1.22
2257,0.99
2258,0.82
2259,0.3
2260,-0.06
2261,-0.3
2262,-0.35
2263,0.22
2264,2.03
2265,3.25
2266,3.95
2267,4.41
2268,4.65
2269,5.24
2270,5.46
2271,5.46
2272,5.34
2273,4.89
2274,4.18
2275,3.48
2276,2.25
2277,1.14
2278,2.2
2279,1.98
2280,1.75
2281,1.62
2282,1.43
2283,1.03
2284,-0.12
2285,-0.46
2286,-0.31
2287,0.39
2288,2.82
2289,5.32
2290,6.83
2291,7.88
2292,8.61
2293,9.16
2294,9.56
2295,9.82
2296,10.04
2297,9.89
2298,8.67
2299,6.52
2300,5.87
2301,3.99
2302,2.28
2303,0.93
2304,0.22
2305,-0.23
2306,-0.76
2307,-0.39
2308,0.74
2309,0.06
2310,-1.41
2311,-0.17
2312,3.64
2313,6.03
2314,7.91
2315,9.27
2316,10.08
2317,10.57
2318,10.81
2319,10.77
2320,10.52
2321,9.9
2322,8.71
2323,6.67
2324,5.66
2325,4.51
2326,3.67
2327,3.1
2328,2.6
2329,2.81
2330,2.8
2331,2.89
2332,2.94
2333,3.03
2334,3.12
2335,3.24
2336,3.49
2337,3.92
2338,4.72
2339,5.39
2340,5.91
2341,6.44
2342,6.53
2343,6.81
2344,6.91
2345,6.95
2346,6.95
2347,6.33
2348,5.52
2349,5.15
2350,4.62
2351,4.52
2352,4.54
2353,4.62
2354,4.61
2355,4.59
2356,4.16
2357,4.28
2358,4.3
2359,4.76
2360,5.1
2361,6.32
2362,7.85
2363,8.63
2364,9.42
2365,10.22
2366,10.85
2367,11.08
2368,11.16
2369,11.04
2370,10.66
2371,9.5
2372,6.72
2373,5.52
2374,4.39
2375,3.63
2376,3.13
2377,2.74
2378,3.05
2379,4.8
2380,5.26
2381,4.44
2382,2.65
2383,4.15
2384,7.25
2385,9.99
2386,11.38
2387,12.45
2388,13.27
2389,13.89
2390,14.47
2391,14.73
2392,14.66
2393,14.2
2394,13.27
2395,12.04
2396,11.48
2397,10.87
2398,10.25
2399,10.25
2400,9.67
2401,8.27
2402,7.52
2403,7.6
2404,7.53
2405,7.41
2406,7.47
2407,7.42
2408,7.35
2409,7.95
2410,8.86
2411,9.76
2412,10.14
2413,10.36
2414,10.61
2415,10.87
2416,10.65
2417,10.04
2418,9.14
2419,8.2
2420,6.92
2421,5.32
2422,3.91
2423,3.75
2424,3.22
2425,1.96
2426,1.58
2427,1.88
2428,2.38
2429,2.88
2430,3.33
2431,4.99
2432,7
2433,8.01
2434,9.01
2435,9.84
2436,8.97
2437,8.64
2438,8.5
2439,8.61
2440,9.16
2441,9.51
2442,9.52
2443,9.27
2444,8.98
2445,8.65
2446,7.52
2447,5.95
2448,4.99
2449,4.27
2450,3.53
2451,3.14
2452,3.09
2453,3.22
2454,3.71
2455,4.71
2456,6.4
2457,7.83
2458,8.55
2459,9.19
2460,9.95
2461,10.32
2462,10.87
2463,11.23
2464,10.57
2465,10.24
2466,9.7
2467,8.77
2468,6.63
2469,5.34
2470,4.69
2471,3.65
2472,2.94
2473,2.4
2474,2.3
2475,2.02
2476,1.81
2477,1.43
2478,1.32
2479,3.5
2480,6.63
2481,8.2
2482,9.37
2483,10.22
2484,10.89
2485,11.39
2486,11.49
2487,10.91
2488,10.43
2489,10.06
2490,9.49
2491,8.4
2492,7.42
2493,6.75
2494,6.28
2495,5.95
2496,5.66
2497,5.48
2498,4.9
2499,4.81
2500,4.76
2501,4.69
2502,4.75
2503,4.87
2504,4.72
2505,5.01
2506,5.24
2507,5.63
2508,6.07
2509,6.37
2510,6.67
2511,7.04
2512,7.54
2513,7.89
2514,8.05
2515,8.06
2516,7.93
2517,7.83
2518,7.76
2519,7.69
2520,7.62
2521,7.55
2522,7.63
2523,7.52
2524,7.41
2525,7.26
2526,7.13
2527,7.18
2528,7.06
2529,6.98
2530,7
2531,7.03
2532,7.16
2533,7.73
2534,8.04
2535,8.43
2536,8.43
2537,8.84
2538,8.82
2539,8.48
2540,7.87
2541,7.54
2542,7.32
2543,7.2
2544,7.07
2545,6.88
2546,6.81
2547,6.46
2548,5.98
2549,5.62
2550,5.38
2551,5.61
2552,6.52
2553,7.77
2554,8.74
2555,9.93
2556,10.89
2557,11.67
2558,12.08
2559,12.39
2560,12.2
2561,11.63
2562,10.8
2563,9.52
2564,7.92
2565,7.01
2566,6.58
2567,6.32
2568,6.11
2569,5.87
2570,5.58
2571,5.44
2572,5.38
2573,5.41
2574,5.45
2575,5.6
2576,5.85
2577,6.64
2578,7.45
2579,8.4
2580,9.02
2581,9.64
2582,9.91
2583,10.39
2584,10.24
2585,9.91
2586,9.68
2587,9.44
2588,8.84
2589,8.77
2590,8.57
2591,8.18
2592,7.69
2593,7.13
2594,6.74
2595,6.18
2596,5.43
2597,4.7
2598,3.81
2599,3.78
2600,4.82
2601,6.06
2602,7.52
2603,8.81
2604,9.77
2605,10.01
2606,10.02
2607,10.08
2608,9.89
2609,9.14
2610,8.2
2611,6.45
2612,6.7
2613,5.52
2614,4.34
2615,3.31
2616,2.63
2617,2.3
2618,2.26
2619,2.32
2620,2.49
2621,2.7
2622,2.88
2623,3.14
2624,3.76
2625,4.61
2626,6
2627,6.68
2628,7.94
2629,8.54
2630,9
2631,9.3
2632,9.18
2633,9.07
2634,9.01
2635,9.07
2636,8.33
2637,8.58
2638,8.54
2639,8.73
2640,8.57
2641,8.04
2642,7.73
2643,7.41
2644,7.15
2645,6.9
2646,6.93
2647,8.03
2648,10.25
2649,12.04
2650,13.69
2651,15.1
2652,16.02
2653,16.45
2654,16.57
2655,16.97
2656,17.05
2657,16.73
2658,15.79
2659,14.39
2660,13.7
2661,12.71
2662,11.74
2663,10.87
2664,10.11
2665,9.39
2666,8.74
2667,7.92
2668,6.99
2669,6
2670,6.08
2671,8.55
2672,12.78
2673,14.71
2674,16.47
2675,17.96
2676,19.08
2677,19.64
2678,19.86
2679,19.96
2680,19.83
2681,19.48
2682,18.15
2683,16.69
2684,14.64
2685,13.45
2686,13.06
2687,12.58
2688,12.7
2689,12.15
2690,11.79
2691,11.65
2692,11.54
2693,11.44
2694,11.28
2695,11.41
2696,11.32
2697,12.16
2698,13.79
2699,14.97
2700,15.92
2701,16.2
2702,16.79
2703,16.72
2704,16.73
2705,16.31
2706,15.78
2707,14.39
2708,12.85
2709,11.85
2710,10.77
2711,10.68
2712,10.98
2713,10.91
2714,9.95
2715,9.09
2716,8.5
2717,8.26
2718,8.62
2719,9.41
2720,10.29
2721,11.18
2722,11.4
2723,11.84
2724,12.14
2725,12.52
2726,11.68
2727,10.08
2728,10.18
2729,9.9
2730,9.8
2731,9.29
2732,8.51
2733,8.09
2734,7.2
2735,6.63
2736,6.09
2737,5.64
2738,5.32
2739,5.01
2740,4.86
2741,4.88
2742,5.23
2743,5.69
2744,5.72
2745,5.81
2746,6.52
2747,7.86
2748,9.15
2749,9.43
2750,9.37
2751,9.37
2752,9.22
2753,8.63
2754,7.95
2755,7.14
2756,6.01
2757,5.15
2758,4.31
2759,3.68
2760,3.14
2761,2.52
2762,2.04
2763,1.65
2764,1.31
2765,1.01
2766,1.25
2767,2.65
2768,4.28
2769,5.36
2770,6.49
2771,6.84
2772,7.78
2773,8.26
2774,8.42
2775,8.66
2776,8.73
2777,8.46
2778,8.08
2779,7.33
2780,6.01
2781,4.28
2782,3.29
2783,2.38
2784,1.81
2785,1.34
2786,0.93
2787,0.53
2788,0.5
2789,0.25
2790,0.93
2791,3.29
2792,5.86
2793,6.85
2794,7.76
2795,8.77
2796,9.54
2797,9.43
2798,10.04
2799,10.07
2800,10.28
2801,10.28
2802,9.95
2803,8.89
2804,7.27
2805,6.24
2806,5.65
2807,5.33
2808,5.38
2809,5.28
2810,5
2811,4.7
2812,4.31
2813,3.84
2814,3.76
2815,5.64
2816,7.69
2817,9.67
2818,11.55
2819,12.75
2820,13.96
2821,14.14
2822,13.37
2823,13.76
2824,13.94
2825,13.59
2826,13.02
2827,12.43
2828,12.07
2829,11.43
2830,10.95
2831,10.44
2832,10.46
2833,10.49
2834,10.65
2835,10.67
2836,10.51
2837,10.22
2838,10.04
2839,10.02
2840,10.25
2841,10.72
2842,10.48
2843,10.67
2844,11.42
2845,12.1
2846,12.65
2847,13.23
2848,13.11
2849,12.88
2850,12.47
2851,11.56
2852,10.47
2853,9.13
2854,8.05
2855,6.83
2856,5.74
2857,4.51
2858,3.22
2859,2.38
2860,1.93
2861,1.69
2862,2.82
2863,4.74
2864,6.19
2865,7.35
2866,8.82
2867,10.16
2868,11.27
2869,12.16
2870,12.65
2871,12.87
2872,12.82
2873,12.47
2874,11.8
2875,10.51
2876,9.09
2877,7.51
2878,6.06
2879,4.81
2880,3.85
2881,3.13
2882,2.67
2883,2.29
2884,2.08
2885,2.12
2886,3.08
2887,6.12
2888,9.15
2889,11
2890,12.69
2891,14.14
2892,15.14
2893,15.66
2894,16.03
2895,16.19
2896,16.21
2897,15.78
2898,15.19
2899,13.66
2900,12.13
2901,10.21
2902,8.86
2903,8.01
2904,8.01
2905,7.6
2906,7.12
2907,6.73
2908,6.54
2909,6.51
2910,7.33
2911,8.94
2912,10.29
2913,11.2
2914,11.32
2915,11
2916,10.86
2917,10.99
2918,10.82
2919,10.64
2920,10.44
2921,9.72
2922,9.02
2923,8.51
2924,7.88
2925,6.84
2926,6.06
2927,4.94
2928,4.91
2929,4.92
2930,4.29
2931,3.64
2932,2.96
2933,2.55
2934,3.51
2935,5.4
2936,6.16
2937,7.23
2938,8.18
2939,9.05
2940,9.92
2941,10.76
2942,11.44
2943,11.86
2944,12.02
2945,11.81
2946,11.28
2947,10.24
2948,9.13
2949,7.53
2950,6.08
2951,4.83
2952,4.13
2953,3.74
2954,3.24
2955,2.86
2956,2.51
2957,2.19
2958,3.33
2959,6.84
2960,9.05
2961,10.59
2962,12.2
2963,13.36
2964,14.18
2965,15.1
2966,15.64
2967,15.94
2968,15.92
2969,15.71
2970,14.9
2971,13.57
2972,12.04
2973,10.84
2974,9.82
2975,8.84
2976,7.86
2977,7
2978,6.75
2979,6.42
2980,6.36
2981,6.28
2982,7.15
2983,10.43
2984,13.74
2985,15.72
2986,17.21
2987,18.29
2988,18.86
2989,19.05
2990,19.49
2991,19.66
2992,19.74
2993,18.71
2994,17.96
2995,16.35
2996,14.37
2997,13.25
2998,12.53
2999,11.51
3000,10.87
3001,10.5
3002,10.38
3003,10.59
3004,10.64
3005,10.78
3006,11.18
3007,11.72
3008,12.35
3009,13.3
3010,13.89
3011,14.76
3012,15.68
3013,15.96
3014,16.17
3015,16.24
3016,16.23
3017,15.89
3018,15.09
3019,13.96
3020,11.96
3021,10.89
3022,10.28
3023,9.78
3024,9.4
3025,9.23
3026,8.52
3027,8.31
3028,8.12
3029,7.95
3030,7.94
3031,8.17
3032,8.31
3033,8.93
3034,9.95
3035,10.9
3036,11.45
3037,11.93
3038,13.63
3039,14.16
3040,14.35
3041,13.95
3042,13.17
3043,12.14
3044,9.69
3045,9.14
3046,8.73
3047,8.3
3048,7.83
3049,7.36
3050,7.26
3051,6.92
3052,6.52
3053,6.34
3054,6.47
3055,7.18
3056,8.82
3057,10.24
3058,11.8
3059,13.04
3060,13.94
3061,14.51
3062,15.08
3063,15.38
3064,15.62
3065,15.45
3066,15.05
3067,13.84
3068,13
3069,11.86
3070,10.89
3071,10.1
3072,9.37
3073,8.61
3074,8.06
3075,7.44
3076,6.84
3077,6.19
3078,6.93
3079,9.73
3080,12.32
3081,14.02
3082,15.64
3083,16.95
3084,17.9
3085,18.34
3086,18.7
3087,18.82
3088,18.77
3089,18.46
3090,17.4
3091,15.98
3092,14.98
3093,14.03
3094,13.32
3095,12.74
3096,12.28
3097,11.78
3098,11.4
3099,11.11
3100,10.79
3101,10.62
3102,10.93
3103,11.73
3104,12.3
3105,13.13
3106,13.41
3107,13.77
3108,14.4
3109,15.15
3110,15.35
3111,15.53
3112,15.64
3113,15.58
3114,15.33
3115,14.93
3116,13.3
3117,12.4
3118,11.27
3119,10.54
3120,10.59
3121,10.45
3122,10.15
3123,10.1
3124,10.08
3125,10.12
3126,10.65
3127,11.48
3128,12.06
3129,12.48
3130,12.89
3131,13.15
3132,13.64
3133,14.62
3134,15.24
3135,15.78
3136,15.89
3137,15.11
3138,14.62
3139,14.04
3140,13.08
3141,12.59
3142,11.89
3143,11.03
3144,11.31
3145,11.64
3146,11.05
3147,8.89
3148,7.45
3149,6.68
3150,8.53
3151,12.45
3152,13.58
3153,14.82
3154,16.33
3155,17.6
3156,18.08
3157,18.46
3158,18.57
3159,18.64
3160,18.33
3161,17.65
3162,17.01
3163,15.88
3164,14.69
3165,13.07
3166,11.72
3167,10.61
3168,9.92
3169,9.01
3170,8.43
3171,8.04
3172,7.81
3173,7.47
3174,8.77
3175,11.99
3176,14.24
3177,15.5
3178,16.49
3179,17.31
3180,17.83
3181,17.85
3182,17.71
3183,17.97
3184,17.83
3185,17.54
3186,16.66
3187,15.32
3188,13.8
3189,12.24
3190,10.62
3191,9.26
3192,8.45
3193,7.89
3194,7.48
3195,7.2
3196,7.02
3197,7.41
3198,8.49
3199,11.72
3200,12.85
3201,14.38
3202,15.67
3203,16.61
3204,17.26
3205,17.74
3206,17.94
3207,18.05
3208,17.71
3209,17.03
3210,16.8
3211,15.85
3212,13.93
3213,14.33
3214,13.68
3215,12.85
3216,9.8
3217,8.43
3218,7.61
3219,7.12
3220,6.98
3221,6.84
3222,8.73
3223,12.35
3224,14.35
3225,16.02
3226,16.94
3227,17.71
3228,18.26
3229,18.49
3230,18.47
3231,18.4
3232,17.66
3233,16.73
3234,15.54
3235,14.75
3236,14.15
3237,13.25
3238,12.42
3239,11.74
3240,11.03
3241,10.16
3242,9.07
3243,8.18
3244,7.53
3245,7.4
3246,7.81
3247,8.51
3248,9.32
3249,9.6
3250,9.81
3251,10.56
3252,12.07
3253,12.8
3254,13.17
3255,13.5
3256,13.1
3257,12.57
3258,12.09
3259,11.26
3260,9.99
3261,8.93
3262,7.92
3263,7.03
3264,6.33
3265,5.88
3266,5.55
3267,5.3
3268,5.21
3269,5.46
3270,6.41
3271,7.68
3272,8.22
3273,8.97
3274,9.53
3275,10.38
3276,11.23
3277,11.46
3278,11.71
3279,11.63
3280,11.76
3281,11.44
3282,10.73
3283,10.2
3284,9.35
3285,8.4
3286,7.32
3287,6.68
3288,5.8
3289,4.86
3290,4.26
3291,3.68
3292,3.34
3293,3.47
3294,4.8
3295,7.28
3296,7.93
3297,9.36
3298,10.45
3299,11.47
3300,11.8
3301,12.2
3302,12.54
3303,12.82
3304,12.73
3305,12.7
3306,12.35
3307,11.8
3308,11.38
3309,10.64
3310,9.46
3311,8.58
3312,7.64
3313,6.98
3314,6.4
3315,6.09
3316,5.96
3317,5.33
3318,6.58
3319,9.67
3320,11.03
3321,12.63
3322,14.05
3323,15.07
3324,15.79
3325,16.18
3326,16.84
3327,16.85
3328,16.64
3329,15.82
3330,14.92
3331,14.21
3332,13.73
3333,13.06
3334,12.56
3335,11.93
3336,11.53
3337,11.13
3338,10.49
3339,10.31
3340,10.16
3341,10.17
3342,10.3
3343,10.94
3344,11.32
3345,11.96
3346,12.87
3347,13.65
3348,14.79
3349,15.11
3350,16
3351,16.33
3352,16.65
3353,16.45
3354,16.25
3355,16.07
3356,15.72
3357,15.12
3358,14.59
3359,14
3360,13.51
3361,13.18
3362,12.9
3363,12.5
3364,12.2
3365,12.04
3366,12.82
3367,14.58
3368,16.02
3369,18.1
3370,20.13
3371,21.78
3372,23.01
3373,23.72
3374,23.95
3375,24.11
3376,24.08
3377,22.94
3378,22.02
3379,20.91
3380,19.95
3381,18.97
3382,18.24
3383,17.62
3384,16.91
3385,16.2
3386,15.87
3387,15.34
3388,14.69
3389,14.26
3390,15.09
3391,16.85
3392,18.66
3393,20.21
3394,21.95
3395,23.3
3396,24.23
3397,24.9
3398,25.26
3399,25.29
3400,25.26
3401,23.16
3402,22.46
3403,21.16
3404,21.8
3405,20.81
3406,17.1
3407,16.63
3408,16.23
3409,16
3410,15.4
3411,15.31
3412,15.2
3413,14.61
3414,13.71
3415,13.16
3416,13.87
3417,14.07
3418,14.41
3419,14.32
3420,13.59
3421,13.03
3422,12.75
3423,13.02
3424,13.6
3425,13.57
3426,13.33
3427,12.63
3428,11.36
3429,10.42
3430,9.53
3431,8.83
3432,8.16
3433,7.59
3434,7.28
3435,6.92
3436,6.92
3437,6.8
3438,7.32
3439,8.21
3440,8.98
3441,9.56
3442,10.15
3443,10.73
3444,11.65
3445,12.26
3446,12.4
3447,12.71
3448,12.99
3449,12.97
3450,12.72
3451,12.37
3452,11.41
3453,10.43
3454,9.06
3455,8.74
3456,8.23
3457,7.75
3458,7.59
3459,7.21
3460,6.91
3461,6.45
3462,8.16
3463,10.74
3464,10.53
3465,12.13
3466,13.79
3467,14.98
3468,15.96
3469,16.74
3470,17.14
3471,17.39
3472,17.36
3473,17.18
3474,16.62
3475,15.72
3476,13.54
3477,12.18
3478,10.9
3479,9.44
3480,8.31
3481,7.34
3482,6.68
3483,6.3
3484,5.77
3485,5.79
3486,8.01
3487,10.92
3488,12.24
3489,13.61
3490,14.47
3491,15.02
3492,16
3493,16.69
3494,16.93
3495,17.05
3496,16.95
3497,16.59
3498,15.96
3499,15.03
3500,13.68
3501,12.16
3502,10.79
3503,9.3
3504,7.98
3505,7.02
3506,6.36
3507,6.2
3508,5.83
3509,5.82
3510,7.82
3511,10.69
3512,11.7
3513,12.99
3514,14.24
3515,15.43
3516,16.48
3517,17.29
3518,17.86
3519,18.19
3520,18.27
3521,18.08
3522,17.62
3523,16.65
3524,15.03
3525,12.99
3526,11.16
3527,10.09
3528,9.52
3529,9.16
3530,9.32
3531,9.35
3532,9.28
3533,9.3
3534,10.87
3535,13.79
3536,15.68
3537,17.1
3538,18.19
3539,19.13
3540,19.91
3541,20.53
3542,20.93
3543,21.17
3544,21.11
3545,20.87
3546,20.31
3547,19.1
3548,17.39
3549,15.21
3550,13.36
3551,12.29
3552,11.17
3553,10.25
3554,9.47
3555,8.46
3556,7.69
3557,7.66
3558,9.79
3559,13.37
3560,14.55
3561,15.96
3562,17.09
3563,17.89
3564,18.73
3565,19.14
3566,19.25
3567,19.23
3568,18.93
3569,18.44
3570,17.84
3571,17
3572,15.68
3573,14.23
3574,12.54
3575,10.8
3576,9.4
3577,8.59
3578,8.17
3579,7.54
3580,6.77
3581,6.54
3582,8.38
3583,11.89
3584,13.07
3585,14.48
3586,15.75
3587,16.94
3588,18.07
3589,18.82
3590,18.84
3591,19.12
3592,19.15
3593,18.89
3594,18.43
3595,17.65
3596,16.3
3597,15
3598,13.82
3599,12.67
3600,11.62
3601,10.71
3602,9.8
3603,9.08
3604,8.54
3605,8.56
3606,10.64
3607,14.1
3608,15.86
3609,17.64
3610,19.17
3611,20.24
3612,21.08
3613,21.76
3614,22.24
3615,22.51
3616,22.5
3617,22.17
3618,21.49
3619,20.15
3620,18.08
3621,16.54
3622,15.14
3623,12.64
3624,11.01
3625,10.15
3626,9.12
3627,8.36
3628,7.82
3629,7.89
3630,10.08
3631,12.12
3632,13.66
3633,15.27
3634,16.78
3635,18.09
3636,19.17
3637,19.91
3638,20.23
3639,20.27
3640,19.91
3641,19.12
3642,17.99
3643,16.69
3644,14.07
3645,12.69
3646,11.66
3647,10.84
3648,10.18
3649,9.45
3650,8.85
3651,8.5
3652,7.98
3653,7.68
3654,8.25
3655,9.34
3656,10.23
3657,11.77
3658,12.9
3659,14.07
3660,14.88
3661,15.52
3662,16.05
3663,16.14
3664,16.16
3665,15.94
3666,15.78
3667,15.51
3668,14.24
3669,13.27
3670,12.23
3671,11.3
3672,10.46
3673,9.65
3674,9.16
3675,8.38
3676,7.55
3677,6.99
3678,8.34
3679,10.42
3680,11.79
3681,13.56
3682,15.24
3683,16.58
3684,17.53
3685,18.17
3686,18.76
3687,19.03
3688,19.05
3689,18.81
3690,18.33
3691,17.49
3692,15.88
3693,14.15
3694,12.54
3695,10.9
3696,9.79
3697,9.11
3698,8.55
3699,8.1
3700,7.88
3701,8.04
3702,10.69
3703,13.72
3704,15.33
3705,16.93
3706,18.05
3707,18.94
3708,19.72
3709,20.4
3710,20.87
3711,21.16
3712,21.13
3713,20.88
3714,20.34
3715,19.33
3716,17.54
3717,15.44
3718,13.53
3719,12.2
3720,11.3
3721,10.6
3722,10.02
3723,9.62
3724,9.37
3725,9.51
3726,11.75
3727,15.57
3728,17.2
3729,19.1
3730,20.63
3731,21.53
3732,22.22
3733,22.83
3734,23.27
3735,23.47
3736,23.46
3737,23.2
3738,22.65
3739,21.56
3740,19.83
3741,17.92
3742,16.19
3743,14.47
3744,13.82
3745,13.31
3746,12.41
3747,11.9
3748,11.5
3749,11.58
3750,14.16
3751,15.92
3752,17.66
3753,18.45
3754,19.7
3755,20.79
3756,21.46
3757,21.69
3758,21.49
3759,20.94
3760,20.6
3761,20.12
3762,19.63
3763,18.97
3764,17.71
3765,16.71
3766,16.03
3767,15.55
3768,15.19
3769,14.99
3770,14.74
3771,14.41
3772,13.62
3773,13.51
3774,14.43
3775,16.03
3776,17.13
3777,18.4
3778,19
3779,19.34
3780,19.82
3781,21.49
3782,22
3783,22.55
3784,22.38
3785,22.35
3786,21.7
3787,20.84
3788,19.08
3789,17.43
3790,16.44
3791,15.63
3792,15.52
3793,15.44
3794,14.87
3795,14.7
3796,14.2
3797,14.22
3798,15.27
3799,16.81
3800,18.08
3801,19.87
3802,21.39
3803,22.26
3804,22.98
3805,23.52
3806,24.15
3807,24.44
3808,24.62
3809,24.42
3810,23.85
3811,22.75
3812,19.55
3813,18.46
3814,17.44
3815,16.07
3816,15.4
3817,15.19
3818,14.51
3819,13.93
3820,13.43
3821,13.86
3822,15.62
3823,18.85
3824,19.37
3825,20.45
3826,21.41
3827,22.91
3828,24.16
3829,25.03
3830,25.41
3831,25.02
3832,24.91
3833,24.81
3834,24.23
3835,22.99
3836,21.58
3837,20.34
3838,19.31
3839,18.33
3840,17.11
3841,15.73
3842,14.35
3843,13.38
3844,12.46
3845,12.41
3846,14.4
3847,17.36
3848,18.3
3849,19.94
3850,21.63
3851,23.15
3852,24.25
3853,24.99
3854,25.27
3855,25.19
3856,25.3
3857,25.03
3858,24.52
3859,23.68
3860,22.08
3861,20.84
3862,19.64
3863,18.67
3864,17.88
3865,17.23
3866,16.47
3867,15.75
3868,14.91
3869,14.46
3870,15.82
3871,18.08
3872,19.38
3873,20.97
3874,22.51
3875,23.68
3876,24.28
3877,24.7
3878,25.01
3879,25.13
3880,25.08
3881,24.77
3882,24.27
3883,23.21
3884,21.47
3885,19.63
3886,18.29
3887,17.09
3888,15.94
3889,14.9
3890,14.1
3891,13.45
3892,12.88
3893,12.76
3894,14.72
3895,18.36
3896,19.75
3897,21.13
3898,22.07
3899,22.63
3900,23.2
3901,23.63
3902,23.9
3903,23.95
3904,23.88
3905,23.57
3906,23.01
3907,22.14
3908,20.71
3909,19.22
3910,18.15
3911,17.14
3912,15.68
3913,14.57
3914,14.17
3915,13.38
3916,12.75
3917,12.55
3918,14.89
3919,17.77
3920,19.05
3921,20.43
3922,21.48
3923,22.47
3924,23.01
3925,23.64
3926,23.63
3927,23.41
3928,22.96
3929,22.66
3930,22.11
3931,21.14
3932,19.84
3933,18.68
3934,17.49
3935,16.37
3936,15.29
3937,14.37
3938,13.39
3939,12.78
3940,12.12
3941,12.01
3942,13.1
3943,14.4
3944,15.12
3945,16.71
3946,17.89
3947,18.93
3948,19.02
3949,19.21
3950,19.63
3951,20.02
3952,20.43
3953,20.37
3954,20.17
3955,19.81
3956,18.26
3957,16.88
3958,15.27
3959,14.39
3960,13.64
3961,12.51
3962,11.84
3963,11.03
3964,10.49
3965,10.72
3966,12.92
3967,16.42
3968,17.88
3969,19.37
3970,20.59
3971,21.48
3972,21.89
3973,22.07
3974,21.93
3975,21.97
3976,22.01
3977,21.53
3978,20.87
3979,20.44
3980,19.25
3981,17.33
3982,15.48
3983,14.54
3984,13.89
3985,13.36
3986,12.9
3987,12.49
3988,12.23
3989,12.17
3990,13.68
3991,15.41
3992,15.92
3993,16.66
3994,17.18
3995,18.27
3996,19.22
3997,20.49
3998,20.71
3999,21.95
4000,22.5
4001,22.67
4002,21.72
4003,19.78
4004,17.37
4005,16.64
4006,16.06
4007,15.5
4008,15.13
4009,14.89
4010,14.73
4011,14.53
4012,13.79
4013,13.53
4014,14.7
4015,16.16
4016,17.08
4017,18.57
4018,19.75
4019,21.07
4020,22.17
4021,22.96
4022,23.37
4023,23.5
4024,23.38
4025,23.16
4026,22.8
4027,21.95
4028,20.48
4029,18.34
4030,17.17
4031,17.28
4032,17.45
4033,16.77
4034,16.38
4035,15.92
4036,15.44
4037,14.98
4038,16.02
4039,18.91
4040,21.17
4041,22.5
4042,23.27
4043,24.03
4044,24.78
4045,25.54
4046,25.85
4047,26.22
4048,26.22
4049,26.07
4050,25.76
4051,24.48
4052,22.83
4053,20.98
4054,19.93
4055,18.96
4056,18.31
4057,17.49
4058,16.97
4059,16.41
4060,16.08
4061,16.39
4062,17.17
4063,19.69
4064,20.16
4065,21.78
4066,23.63
4067,25.38
4068,26.64
4069,27.37
4070,27.39
4071,26.93
4072,25.77
4073,25.78
4074,25.81
4075,25.21
4076,23.6
4077,22.92
4078,21.73
4079,21.52
4080,21.12
4081,18.93
4082,18.17
4083,17.6
4084,17.64
4085,17.83
4086,18.84
4087,19.92
4088,19.81
4089,19.76
4090,20.31
4091,21.01
4092,23
4093,24.9
4094,25.58
4095,26.88
4096,26.87
4097,26.75
4098,26.47
4099,25.93
4100,24.77
4101,23.05
4102,22.05
4103,21.75
4104,20.33
4105,19.41
4106,19.84
4107,18.33
4108,17.72
4109,17.78
4110,19.6
4111,21.58
4112,21.92
4113,23.19
4114,24.21
4115,25.11
4116,25.53
4117,25.83
4118,26.2
4119,26.12
4120,26.23
4121,26.04
4122,25.64
4123,24.62
4124,23.16
4125,21.62
4126,20.55
4127,20.14
4128,20.11
4129,19.31
4130,18.63
4131,17.65
4132,16.96
4133,17.09
4134,18.51
4135,20.4
4136,20.26
4137,21.07
4138,22.26
4139,23.6
4140,24.79
4141,25.92
4142,27.21
4143,27.7
4144,27.79
4145,27.14
4146,26.72
4147,26.19
4148,22.27
4149,21.37
4150,20.62
4151,19.92
4152,19.49
4153,18.91
4154,18.77
4155,18.95
4156,18.89
4157,18.39
4158,17.82
4159,17.48
4160,18.09
4161,18.17
4162,17.79
4163,16.63
4164,15.98
4165,15.75
4166,15.85
4167,16.02
4168,16.22
4169,16.54
4170,16.8
4171,17.24
4172,16.97
4173,16.36
4174,15.68
4175,15.14
4176,14.81
4177,14.35
4178,13.78
4179,12.94
4180,12.11
4181,11.8
4182,13.5
4183,15.41
4184,16.84
4185,18.34
4186,19.93
4187,21.4
4188,22.59
4189,23.57
4190,23.95
4191,23.82
4192,23.82
4193,23.76
4194,23.37
4195,22.62
4196,21.21
4197,19.8
4198,18.56
4199,18.02
4200,17.85
4201,18.26
4202,18.7
4203,18.4
4204,18.08
4205,17.87
4206,18.31
4207,20.42
4208,21.96
4209,23.17
4210,24.2
4211,24.88
4212,25.56
4213,25.54
4214,25.9
4215,26
4216,26.08
4217,26.06
4218,25.94
4219,25.03
4220,23.68
4221,21.59
4222,20.01
4223,18.73
4224,17.92
4225,17.76
4226,17.64
4227,17.64
4228,17.35
4229,17.34
4230,18.76
4231,21.96
4232,23.99
4233,25.6
4234,26.91
4235,27.81
4236,26.36
4237,25.15
4238,24.85
4239,23.27
4240,23.05
4241,22.62
4242,22.2
4243,21.51
4244,20.55
4245,19.33
4246,18.16
4247,17.17
4248,16.41
4249,15.64
4250,14.9
4251,14.21
4252,13.53
4253,13.16
4254,13.85
4255,14.9
4256,15.52
4257,16.51
4258,17.35
4259,18.46
4260,19.24
4261,19.46
4262,19.85
4263,19.99
4264,19.91
4265,19.42
4266,18.39
4267,17.54
4268,16.71
4269,15.81
4270,14.93
4271,14.2
4272,13.36
4273,12.77
4274,12.1
4275,11.51
4276,11.02
4277,11.09
4278,12.78
4279,14.7
4280,16.05
4281,17.37
4282,18.5
4283,19.56
4284,20.45
4285,20.72
4286,20.81
4287,20.88
4288,21.18
4289,21.2
4290,21.01
4291,20.42
4292,19.32
4293,17.37
4294,15.64
4295,15.5
4296,16.05
4297,15.83
4298,15.74
4299,15.79
4300,15.86
4301,15.66
4302,15.89
4303,16.68
4304,17.04
4305,18.54
4306,20.14
4307,21.97
4308,23.24
4309,24.19
4310,24.62
4311,24.64
4312,24.15
4313,23.48
4314,22.34
4315,21.37
4316,20.3
4317,19.26
4318,18.58
4319,17.68
4320,17.26
4321,16.79
4322,16.62
4323,16.22
4324,15.91
4325,16.05
4326,16.63
4327,17.11
4328,17.31
4329,17.66
4330,17.69
4331,17.09
4332,17.02
4333,17.26
4334,17.41
4335,17.87
4336,18.61
4337,19.03
4338,19.24
4339,18.73
4340,17.9
4341,16.78
4342,15.75
4343,14.91
4344,14.34
4345,13.56
4346,12.69
4347,11.91
4348,11.41
4349,11.83
4350,13.55
4351,16.25
4352,17.14
4353,18.66
4354,20.22
4355,21.56
4356,22.45
4357,22.8
4358,21.78
4359,20.87
4360,19.93
4361,19.05
4362,18.03
4363,17.25
4364,16.79
4365,16.61
4366,16.29
4367,16.43
4368,16.23
4369,15.88
4370,15.62
4371,15.37
4372,15.08
4373,14.97
4374,15.09
4375,15.7
4376,16.18
4377,16.8
4378,17.77
4379,17.97
4380,19.14
4381,19.81
4382,19.84
4383,20.12
4384,20.27
4385,20.03
4386,19.47
4387,18.86
4388,18.22
4389,17.31
4390,16.29
4391,15.52
4392,14.45
4393,14.14
4394,14.23
4395,14.33
4396,14.84
4397,14.66
4398,14.79
4399,15.3
4400,15.89
4401,16.86
4402,17.52
4403,17.69
4404,18.17
4405,18.4
4406,18.88
4407,18.98
4408,19.29
4409,19.39
4410,19.3
4411,18.85
4412,17.97
4413,16.84
4414,15.6
4415,14.31
4416,13.83
4417,14.18
4418,14.65
4419,14.49
4420,14.18
4421,14.1
4422,14.67
4423,15.57
4424,16.56
4425,17.5
4426,18.66
4427,18.93
4428,19.71
4429,20.83
4430,21.31
4431,21.56
4432,21.59
4433,21.27
4434,21.03
4435,20.54
4436,18.91
4437,16.71
4438,14.9
4439,14.66
4440,14.85
4441,14.88
4442,14.88
4443,15.18
4444,15.47
4445,15.18
4446,15.24
4447,16.22
4448,18.77
4449,18.19
4450,18.54
4451,19.45
4452,19.84
4453,20.22
4454,20.29
4455,20.41
4456,20.52
4457,20.57
4458,19.99
4459,18.91
4460,17.26
4461,16.32
4462,15.64
4463,15.17
4464,14.71
4465,14.19
4466,13.68
4467,13.22
4468,12.76
4469,12.58
4470,13.54
4471,14.94
4472,15.99
4473,17.37
4474,18.31
4475,19.52
4476,20.46
4477,21.07
4478,21.2
4479,21.57
4480,21.26
4481,21.3
4482,20.96
4483,20.42
4484,18.99
4485,17.3
4486,15.38
4487,13.94
4488,12.94
4489,12.45
4490,12.33
4491,12.6
4492,13.74
4493,14.88
4494,15.31
4495,17.47
4496,19.84
4497,22.03
4498,23.27
4499,24.24
4500,25.07
4501,25.77
4502,26.32
4503,26.66
4504,26.87
4505,26.83
4506,26.57
4507,25.5
4508,23.63
4509,21.73
4510,20.45
4511,19.35
4512,18.35
4513,17.4
4514,16.44
4515,15.53
4516,14.72
4517,14.76
4518,16.54
4519,20.16
4520,22.52
4521,24.79
4522,26.77
4523,28.33
4524,29.1
4525,29.65
4526,29.94
4527,30.22
4528,30.22
4529,30.14
4530,29.69
4531,27.78
4532,26.73
4533,24.11
4534,22.2
4535,20.87
4536,20.07
4537,19.14
4538,18.26
4539,18.16
4540,18.81
4541,20.86
4542,21.19
4543,22.92
4544,25.45
4545,27.53
4546,29.18
4547,30.53
4548,31.38
4549,31.57
4550,32.07
4551,32.27
4552,32.08
4553,31.72
4554,30.91
4555,29.16
4556,29.99
4557,29.12
4558,26.53
4559,24.06
4560,22.21
4561,21.74
4562,21.81
4563,22.46
4564,18.93
4565,19.4
4566,20.57
4567,21.5
4568,23.35
4569,23.93
4570,23.43
4571,23.07
4572,23.76
4573,23.92
4574,24.44
4575,24.91
4576,24.75
4577,24.45
4578,24.08
4579,23.35
4580,22.34
4581,20.62
4582,19.52
4583,19.66
4584,19.06
4585,18.67
4586,18.61
4587,18.09
4588,16.24
4589,15.36
4590,16.9
4591,20.65
4592,21.99
4593,23.8
4594,25.6
4595,27.36
4596,28.51
4597,29.22
4598,30.21
4599,30.72
4600,30.88
4601,30.89
4602,30.47
4603,29.33
4604,28.63
4605,26.57
4606,24.75
4607,23.71
4608,24.06
4609,24.1
4610,21.5
4611,22.16
4612,21.76
4613,20.7
4614,20.61
4615,20.92
4616,20.52
4617,22.02
4618,23.26
4619,23.74
4620,24.59
4621,25.01
4622,25.53
4623,25.67
4624,25.5
4625,25.11
4626,24.37
4627,23.57
4628,22.67
4629,21.15
4630,20
4631,19.1
4632,18.34
4633,17.3
4634,16.81
4635,16.06
4636,15.23
4637,15.05
4638,16.82
4639,18.45
4640,19.52
4641,20.51
4642,21.51
4643,22.5
4644,23.04
4645,22.53
4646,22.12
4647,22.04
4648,21.97
4649,21.52
4650,21.24
4651,20.72
4652,19.46
4653,18.65
4654,17.86
4655,17.05
4656,16.68
4657,15.58
4658,14.66
4659,14.04
4660,14.19
4661,14.82
4662,15.7
4663,17.37
4664,18.83
4665,20.35
4666,21.28
4667,22.16
4668,23.77
4669,24.27
4670,24.75
4671,24.68
4672,24.92
4673,24.96
4674,25.22
4675,24.76
4676,23.26
4677,20.81
4678,19.09
4679,17.96
4680,17.08
4681,16.17
4682,15.54
4683,15.22
4684,15.14
4685,15.27
4686,17.31
4687,21.85
4688,24.62
4689,26.9
4690,29.06
4691,30.74
4692,31.8
4693,32.25
4694,32.26
4695,32.44
4696,32.92
4697,33.08
4698,30.81
4699,27.5
4700,25.25
4701,23.93
4702,22.41
4703,21.55
4704,21.19
4705,20.86
4706,20.2
4707,19.87
4708,19.48
4709,18.92
4710,18.87
4711,19.36
4712,19.54
4713,20.51
4714,21.65
4715,22.64
4716,23.35
4717,24.07
4718,24.51
4719,24.81
4720,24.95
4721,24.83
4722,24.56
4723,23.98
4724,22.57
4725,20.93
4726,19.4
4727,17.23
4728,16.62
4729,16.08
4730,15.48
4731,14.95
4732,14.57
4733,14.33
4734,16.08
4735,19.27
4736,20.34
4737,21.43
4738,22.68
4739,22.79
4740,22.65
4741,22.67
4742,22.94
4743,22.66
4744,22.21
4745,21.84
4746,21.21
4747,20.71
4748,19.49
4749,18.09
4750,17.17
4751,16.18
4752,15.22
4753,14.22
4754,13.27
4755,12.6
4756,12.39
4757,11.97
4758,13.26
4759,15.8
4760,17.21
4761,18.75
4762,20.18
4763,21.46
4764,22.65
4765,23.17
4766,23.42
4767,23.09
4768,23.49
4769,23.67
4770,23.33
4771,22.65
4772,21.61
4773,19.26
4774,19.5
4775,18.97
4776,16.75
4777,16.9
4778,17.35
4779,17.02
4780,14.69
4781,14.37
4782,15.92
4783,19.67
4784,20.62
4785,22.5
4786,23.62
4787,24.41
4788,25.04
4789,23.14
4790,23.24
4791,22.86
4792,23.54
4793,23.07
4794,22.35
4795,21.49
4796,20.25
4797,19.22
4798,18.1
4799,17.14
4800,16.68
4801,16.11
4802,15.76
4803,15.4
4804,14.6
4805,14.39
4806,14.27
4807,14.8
4808,15.36
4809,15.3
4810,15.19
4811,16.3
4812,18.49
4813,19.48
4814,20.26
4815,20.53
4816,20.57
4817,20.38
4818,20.12
4819,19.79
4820,18.73
4821,17.03
4822,16.15
4823,15.41
4824,13.9
4825,13.23
4826,12.82
4827,12.72
4828,12.56
4829,12.81
4830,13.78
4831,15.24
4832,14.83
4833,15.47
4834,16.62
4835,17.98
4836,19.42
4837,20.8
4838,21.11
4839,21.59
4840,20.98
4841,17.92
4842,17.08
4843,17.01
4844,15.81
4845,14.76
4846,14.43
4847,13.89
4848,13.55
4849,13.32
4850,12.97
4851,12.57
4852,12.09
4853,11.7
4854,12.51
4855,14.02
4856,15.29
4857,16.31
4858,17.53
4859,18.92
4860,19.79
4861,20.35
4862,20.32
4863,20.71
4864,20.54
4865,20.8
4866,20.87
4867,20.44
4868,19.74
4869,18.39
4870,17.21
4871,16.68
4872,15.84
4873,15.4
4874,15.33
4875,15.13
4876,15.13
4877,14.77
4878,15.46
4879,17.7
4880,18.9
4881,21.14
4882,22.58
4883,23.37
4884,22.8
4885,22.81
4886,22.26
4887,20.68
4888,19.58
4889,19.46
4890,19.58
4891,19.64
4892,20.72
4893,20.43
4894,19.99
4895,18.37
4896,17.5
4897,16.84
4898,16.72
4899,16.73
4900,16.74
4901,16.85
4902,17.28
4903,18.47
4904,20.08
4905,21.18
4906,22.78
4907,23.68
4908,23.86
4909,24.46
4910,24.02
4911,21.9
4912,22.4
4913,22.92
4914,20.5
4915,19.26
4916,17.89
4917,16.87
4918,16.34
4919,15.77
4920,15.33
4921,14.92
4922,14.88
4923,14.89
4924,14.6
4925,14.22
4926,14.11
4927,14.34
4928,15.5
4929,16.2
4930,16.73
4931,17.19
4932,16.99
4933,16.66
4934,16.61
4935,16.22
4936,15.59
4937,15.39
4938,15.69
4939,15.16
4940,15.38
4941,14.84
4942,14.26
4943,13.98
4944,13.63
4945,13.23
4946,12.88
4947,12.27
4948,11.61
4949,11.26
4950,11.7
4951,13.02
4952,14.22
4953,15.32
4954,16.28
4955,17.12
4956,17.9
4957,18.41
4958,18.93
4959,18.75
4960,18.36
4961,18.36
4962,17.08
4963,16.24
4964,15.42
4965,15.01
4966,14.53
4967,13.86
4968,13.37
4969,12.75
4970,12
4971,11.28
4972,10.92
4973,11.28
4974,12.93
4975,14.27
4976,14.79
4977,15.36
4978,15.22
4979,15.17
4980,15.06
4981,15.21
4982,15.25
4983,15.3
4984,15.4
4985,15.75
4986,16.09
4987,16.4
4988,16.28
4989,16.44
4990,16.52
4991,16.62
4992,16.61
4993,16.58
4994,16.53
4995,16.43
4996,16.24
4997,16.05
4998,16.03
4999,16.14
5000,16.93
5001,18.22
5002,19.29
5003,19.78
5004,20.65
5005,21.8
5006,22.76
5007,22.89
5008,22.45
5009,21.95
5010,21.47
5011,20.85
5012,20.25
5013,19.24
5014,18.42
5015,18.04
5016,17.52
5017,17.1
5018,16.72
5019,16.46
5020,16.39
5021,16.61
5022,17.02
5023,17.41
5024,17.55
5025,17.9
5026,18.6
5027,18.8
5028,19.15
5029,20.38
5030,22.02
5031,22.95
5032,22.92
5033,22.65
5034,21.91
5035,20.68
5036,19.41
5037,18.38
5038,17.68
5039,16.81
5040,16.41
5041,16.25
5042,16.09
5043,16.01
5044,15.87
5045,15.66
5046,16.07
5047,17.03
5048,17.84
5049,18.71
5050,19.83
5051,20.55
5052,19.61
5053,19.14
5054,19.42
5055,19.83
5056,19.46
5057,19.16
5058,18.92
5059,18.53
5060,17.81
5061,17.22
5062,16.93
5063,16.59
5064,16.19
5065,16.12
5066,15.81
5067,15.2
5068,15
5069,14.95
5070,14.94
5071,15.19
5072,16.1
5073,17.11
5074,17.47
5075,17.51
5076,16.77
5077,17.94
5078,18.57
5079,18.82
5080,19.37
5081,19.71
5082,19.51
5083,18.96
5084,18.01
5085,17.61
5086,17.02
5087,16.64
5088,16.32
5089,16.08
5090,15.89
5091,15.83
5092,15.94
5093,16.02
5094,16.07
5095,16.14
5096,15.98
5097,16.01
5098,15.64
5099,17.34
5100,18.59
5101,19.48
5102,19.7
5103,19.21
5104,18.97
5105,18.63
5106,18.53
5107,17.86
5108,17.11
5109,16.39
5110,15.87
5111,15.68
5112,15.48
5113,15.14
5114,14.78
5115,14.73
5116,14.53
5117,14.23
5118,14.6
5119,15.34
5120,16.34
5121,17.15
5122,17.87
5123,18.46
5124,17.69
5125,16.85
5126,16.41
5127,16.3
5128,16.29
5129,16.87
5130,18.24
5131,18.76
5132,18.25
5133,17.02
5134,16.73
5135,16.09
5136,15.9
5137,15.75
5138,15.77
5139,15.52
5140,15.49
5141,15.39
5142,15.51
5143,15.61
5144,16.39
5145,16.68
5146,17.44
5147,18.3
5148,18.61
5149,18.77
5150,19.04
5151,19.42
5152,19.96
5153,19.21
5154,17.79
5155,17.44
5156,16.85
5157,16.36
5158,15.9
5159,15.79
5160,15.63
5161,15.45
5162,15.17
5163,14.95
5164,14.36
5165,14.22
5166,14.4
5167,14.48
5168,15.55
5169,16.2
5170,17.16
5171,18.26
5172,19.06
5173,19.71
5174,19.92
5175,19.87
5176,19.92
5177,19.79
5178,19.32
5179,18.75
5180,17.66
5181,16.78
5182,15.74
5183,14.96
5184,13.82
5185,12.95
5186,12.17
5187,11.61
5188,11.45
5189,11.15
5190,12.23
5191,14.41
5192,15.79
5193,16.76
5194,17.7
5195,18.63
5196,19.38
5197,20.07
5198,20.46
5199,20.64
5200,20.55
5201,20.2
5202,19.71
5203,18.95
5204,17.69
5205,16.95
5206,16.18
5207,15.33
5208,14.71
5209,14.5
5210,14.21
5211,13.91
5212,13.5
5213,12.92
5214,13.49
5215,15
5216,15.68
5217,16.81
5218,17.95
5219,18.74
5220,19.54
5221,19.33
5222,19.34
5223,19.2
5224,19.03
5225,17.54
5226,17.46
5227,16.44
5228,14.78
5229,14.53
5230,13.98
5231,13.78
5232,13.8
5233,13.9
5234,13.67
5235,13.16
5236,12.66
5237,12.62
5238,12.5
5239,12.81
5240,13.39
5241,14.04
5242,14.93
5243,15.17
5244,14.99
5245,15.79
5246,16.83
5247,16.51
5248,16.58
5249,16.23
5250,15.66
5251,14.89
5252,13.69
5253,13.2
5254,12.79
5255,12.44
5256,12.19
5257,11.94
5258,11.75
5259,11.58
5260,11.71
5261,11.65
5262,12.02
5263,12.43
5264,13.26
5265,14.64
5266,15.5
5267,16.87
5268,17.36
5269,17.82
5270,17.33
5271,17.04
5272,17.21
5273,17.24
5274,16.85
5275,16.12
5276,14.95
5277,14.49
5278,13.84
5279,13.41
5280,13.34
5281,13
5282,12.88
5283,12.27
5284,12.5
5285,12.75
5286,12.65
5287,13.37
5288,14.03
5289,14.93
5290,15.99
5291,17.2
5292,17.9
5293,18.51
5294,18.48
5295,18.31
5296,18.54
5297,18.31
5298,17.92
5299,17.08
5300,15.57
5301,14
5302,12.64
5303,11.77
5304,11.33
5305,11.04
5306,11.28
5307,11.15
5308,11
5309,11.11
5310,11.43
5311,13.51
5312,15.15
5313,16.29
5314,17.45
5315,18.08
5316,18.86
5317,19.39
5318,19.98
5319,20.32
5320,20.47
5321,20.24
5322,19.72
5323,18.62
5324,17.2
5325,15.38
5326,15.2
5327,15.57
5328,15.3
5329,15
5330,14.5
5331,14.15
5332,13.55
5333,13.08
5334,13.16
5335,14.54
5336,17.8
5337,19.61
5338,20.94
5339,22.12
5340,23.16
5341,24.1
5342,24.81
5343,25.35
5344,25.58
5345,25.54
5346,25.01
5347,23.61
5348,22.01
5349,20.47
5350,19.41
5351,19
5352,18.66
5353,18.65
5354,17.71
5355,17.04
5356,16.97
5357,16.75
5358,16.72
5359,18.34
5360,19.67
5361,20.33
5362,20.55
5363,20.17
5364,21
5365,23.09
5366,25.01
5367,24.66
5368,21.65
5369,20.96
5370,21.17
5371,20.72
5372,20.75
5373,19.67
5374,18.86
5375,17.67
5376,16.72
5377,16.2
5378,15.49
5379,15.23
5380,14.98
5381,14.98
5382,15.87
5383,17.33
5384,18.83
5385,19.97
5386,20.7
5387,21.47
5388,22.11
5389,22.83
5390,23.45
5391,23.37
5392,23.31
5393,23.13
5394,22.73
5395,21.6
5396,19.93
5397,18.27
5398,17.44
5399,18.07
5400,18.09
5401,17.73
5402,17.36
5403,16.67
5404,15.09
5405,14.6
5406,14.92
5407,17.91
5408,20.61
5409,22.43
5410,23.81
5411,25.04
5412,25.96
5413,26.71
5414,27.04
5415,26.98
5416,26.9
5417,26.96
5418,26.63
5419,25.57
5420,23.07
5421,22.16
5422,22.28
5423,22.04
5424,21.46
5425,20.9
5426,19.93
5427,20.2
5428,20.06
5429,19.48
5430,19.67
5431,20.83
5432,21.55
5433,23.3
5434,24.31
5435,25.19
5436,26.43
5437,27.08
5438,27.55
5439,27.85
5440,27.51
5441,24.94
5442,22.12
5443,21.52
5444,20.27
5445,19.49
5446,18.84
5447,17.95
5448,17.09
5449,16.36
5450,15.68
5451,15.45
5452,15.41
5453,15.52
5454,15.68
5455,16.84
5456,17.86
5457,19.69
5458,21.05
5459,22.27
5460,23.08
5461,23.72
5462,24.39
5463,24.84
5464,24.71
5465,24.46
5466,23.78
5467,22.64
5468,21.29
5469,20.45
5470,19.83
5471,19.28
5472,19.14
5473,19.14
5474,19.05
5475,18.93
5476,18.6
5477,18.49
5478,18.45
5479,18.48
5480,19.19
5481,20.1
5482,21.18
5483,22.85
5484,24.01
5485,24.94
5486,25.13
5487,25.35
5488,24.98
5489,24.23
5490,23.42
5491,22.97
5492,20.71
5493,20.17
5494,19.65
5495,19.06
5496,18.25
5497,17.6
5498,17.15
5499,16.82
5500,16.6
5501,16.74
5502,17.23
5503,18.15
5504,19.24
5505,21.18
5506,22.87
5507,24.25
5508,25.33
5509,26.15
5510,26.68
5511,27.07
5512,27.08
5513,26.81
5514,26.1
5515,24.89
5516,23.49
5517,22.28
5518,21.35
5519,20.49
5520,19.85
5521,19.32
5522,18.84
5523,19.43
5524,19.51
5525,18.58
5526,18.74
5527,20.27
5528,23.64
5529,25.34
5530,26.7
5531,27.97
5532,28.92
5533,29.62
5534,30.03
5535,30.26
5536,30.24
5537,29.6
5538,28.42
5539,26.86
5540,25.01
5541,23.85
5542,22.61
5543,21.48
5544,20.61
5545,20.21
5546,20.12
5547,20
5548,19.78
5549,19.36
5550,19.15
5551,20.08
5552,20.7
5553,21.9
5554,23
5555,24.1
5556,24.93
5557,25.64
5558,26.09
5559,26.04
5560,25.98
5561,25.37
5562,25.08
5563,24.36
5564,23.31
5565,21.82
5566,21.35
5567,20.56
5568,19.81
5569,19.2
5570,19.47
5571,19.21
5572,18.76
5573,18.52
5574,18.69
5575,20.04
5576,21.58
5577,22.74
5578,23.76
5579,24.45
5580,24.41
5581,24.64
5582,24.99
5583,25.29
5584,25.19
5585,25.01
5586,24.38
5587,23.46
5588,22.34
5589,21.5
5590,20.77
5591,20.07
5592,19.37
5593,19.02
5594,18.46
5595,18.11
5596,17.44
5597,17.42
5598,17.94
5599,19.15
5600,20.84
5601,22.09
5602,23.39
5603,24.53
5604,25.46
5605,25.88
5606,26.04
5607,25.83
5608,25.1
5609,23.93
5610,23.33
5611,22.13
5612,21.19
5613,19.56
5614,18.58
5615,18.33
5616,17.78
5617,16.62
5618,15.9
5619,15.59
5620,15
5621,14.61
5622,14.65
5623,16.81
5624,19.43
5625,20.91
5626,21.99
5627,22.81
5628,23.41
5629,23.87
5630,24.16
5631,24.26
5632,24.16
5633,23.78
5634,23.1
5635,21.63
5636,20.32
5637,20.57
5638,20.08
5639,19.46
5640,18.99
5641,18.47
5642,17.9
5643,17.56
5644,17.26
5645,17.03
5646,16.91
5647,17.71
5648,20.05
5649,21.35
5650,22.5
5651,23.61
5652,24.37
5653,25.37
5654,26.01
5655,26.45
5656,26.61
5657,26.47
5658,25.57
5659,24.15
5660,22.89
5661,22.17
5662,22.68
5663,20.83
5664,20.28
5665,19.79
5666,19.85
5667,18.39
5668,17.6
5669,17.34
5670,17.52
5671,19.6
5672,20.91
5673,21.71
5674,22.86
5675,23.73
5676,24.03
5677,24.38
5678,23.74
5679,22.84
5680,22.47
5681,22.38
5682,21.53
5683,21.01
5684,21.08
5685,20.63
5686,20.21
5687,19.99
5688,19.95
5689,19.87
5690,19.78
5691,19.37
5692,19.06
5693,18.49
5694,18.24
5695,18.27
5696,18.75
5697,18.82
5698,19.07
5699,19.75
5700,20.45
5701,21.09
5702,21.53
5703,21.52
5704,21.15
5705,20.81
5706,20.27
5707,18.84
5708,17.61
5709,17.1
5710,15.76
5711,15.09
5712,14.82
5713,14.55
5714,15.47
5715,15.21
5716,15.48
5717,15.49
5718,15.59
5719,15.95
5720,16.05
5721,17.51
5722,18.83
5723,19.91
5724,19.99
5725,20.07
5726,19.97
5727,19.9
5728,19.68
5729,19.14
5730,18.37
5731,17.53
5732,16.42
5733,15.76
5734,15.15
5735,14.51
5736,13.7
5737,12.96
5738,12.31
5739,11.93
5740,11.61
5741,11.18
5742,10.94
5743,12.12
5744,13.61
5745,14.78
5746,15.8
5747,16.61
5748,17.14
5749,17.37
5750,17.56
5751,17.66
5752,17.64
5753,17.52
5754,17.09
5755,16.42
5756,15.15
5757,14.54
5758,13.62
5759,13.05
5760,13.22
5761,13.03
5762,12.89
5763,12.9
5764,12.76
5765,12.42
5766,12.39
5767,13.26
5768,13.59
5769,14.6
5770,15.4
5771,15.21
5772,16.04
5773,16.92
5774,17.22
5775,17.55
5776,17.73
5777,17.58
5778,16.99
5779,16.16
5780,15.32
5781,14.93
5782,14.32
5783,12.66
5784,11.76
5785,11.11
5786,10.57
5787,10.36
5788,10.18
5789,10.29
5790,10.27
5791,12.4
5792,14.23
5793,15.79
5794,16.97
5795,17.91
5796,18.84
5797,19.58
5798,19.65
5799,19.51
5800,19.15
5801,18.86
5802,17.76
5803,16.24
5804,15.64
5805,14.79
5806,14.02
5807,13.62
5808,13.07
5809,12.7
5810,12.12
5811,11.66
5812,11.45
5813,11.15
5814,10.74
5815,11.31
5816,12.58
5817,13.72
5818,14.62
5819,15.73
5820,16.49
5821,16.78
5822,17.17
5823,17.3
5824,17.29
5825,16.3
5826,15.91
5827,15.23
5828,13.69
5829,13.24
5830,12.84
5831,12.66
5832,12.28
5833,11.71
5834,11.1
5835,10.51
5836,10.14
5837,9.97
5838,10.04
5839,11.56
5840,13.65
5841,15.07
5842,16.24
5843,17.55
5844,18.59
5845,18.94
5846,18.84
5847,18.14
5848,17.47
5849,16.6
5850,16.23
5851,15.65
5852,15.24
5853,15.19
5854,13.83
5855,12.5
5856,11.72
5857,11.98
5858,12.02
5859,11.61
5860,11.42
5861,11.26
5862,11.6
5863,12.26
5864,14.11
5865,15.66
5866,16.96
5867,18.44
5868,19.66
5869,20.57
5870,21.05
5871,21.14
5872,21.23
5873,20.84
5874,20.14
5875,18.91
5876,17.43
5877,16.44
5878,15.92
5879,14.78
5880,13.67
5881,13.38
5882,13.79
5883,14.14
5884,14.05
5885,13.38
5886,13.22
5887,14.08
5888,14.78
5889,16.05
5890,17
5891,17.85
5892,18.64
5893,19.27
5894,19.75
5895,19.94
5896,19.89
5897,19.51
5898,18.79
5899,17.41
5900,15.88
5901,15.37
5902,14.56
5903,14.22
5904,14.3
5905,13.29
5906,12.44
5907,12.92
5908,12.54
5909,12.27
5910,11.55
5911,12.49
5912,15.18
5913,16.72
5914,18.07
5915,19.29
5916,20.39
5917,21.33
5918,22.04
5919,22.39
5920,22.33
5921,21.86
5922,20.72
5923,19.08
5924,17.92
5925,16.92
5926,16.07
5927,15.25
5928,14.41
5929,13.63
5930,13.16
5931,12.6
5932,12.17
5933,12.26
5934,13.15
5935,14.79
5936,17.6
5937,19.75
5938,21.46
5939,22.95
5940,24.12
5941,24.93
5942,25.44
5943,25.66
5944,25.57
5945,25.07
5946,23.71
5947,21.7
5948,20.01
5949,18.26
5950,17.73
5951,19.02
5952,18.91
5953,18.38
5954,17.81
5955,17.47
5956,17.24
5957,16.97
5958,16.79
5959,17.08
5960,18.53
5961,21.58
5962,23.15
5963,24.31
5964,25.17
5965,25.87
5966,26.31
5967,26.4
5968,26.1
5969,25.28
5970,23.57
5971,21.55
5972,20.39
5973,19.07
5974,17.92
5975,16.83
5976,15.82
5977,14.95
5978,14.24
5979,13.68
5980,13.22
5981,12.83
5982,12.57
5983,13.95
5984,17.94
5985,20.26
5986,22.16
5987,23.68
5988,24.79
5989,25.63
5990,26.14
5991,26.28
5992,26.04
5993,25.34
5994,23.84
5995,22.02
5996,20.9
5997,19.86
5998,18.91
5999,17.95
6000,16.91
6001,15.77
6002,14.7
6003,14.19
6004,13.86
6005,13.49
6006,13.34
6007,14.54
6008,18
6009,20.73
6010,22.56
6011,24.07
6012,25.3
6013,26.24
6014,26.81
6015,27.03
6016,26.87
6017,26.16
6018,24.46
6019,22.12
6020,20.1
6021,18.35
6022,17.81
6023,17.92
6024,18.9
6025,19.15
6026,18.96
6027,18.67
6028,18.38
6029,18.12
6030,17.79
6031,17.62
6032,18.09
6033,22.28
6034,24.29
6035,25.57
6036,26.33
6037,26.93
6038,27.31
6039,27.44
6040,27.27
6041,26.67
6042,24.73
6043,22.97
6044,21.08
6045,19.56
6046,19.12
6047,19.07
6048,18.59
6049,17.35
6050,16.59
6051,15.92
6052,15.49
6053,15.13
6054,14.91
6055,16.52
6056,19.35
6057,22.69
6058,24.57
6059,25.77
6060,26.54
6061,27.07
6062,27.46
6063,27.62
6064,27.54
6065,27.13
6066,25.57
6067,23.78
6068,22.59
6069,21.17
6070,20.19
6071,19.59
6072,19.67
6073,19.97
6074,19.97
6075,19.66
6076,19.22
6077,18.89
6078,18.62
6079,18.71
6080,20.01
6081,23.49
6082,25.47
6083,26.56
6084,27.27
6085,27.82
6086,28.12
6087,28.26
6088,28.12
6089,27.6
6090,25.93
6091,24.19
6092,22.1
6093,21.51
6094,22.01
6095,21.82
6096,21.74
6097,21.38
6098,20.03
6099,17.52
6100,16.95
6101,17.55
6102,18.52
6103,18.83
6104,20.77
6105,23.42
6106,24.2
6107,24.21
6108,24.35
6109,25.14
6110,25.96
6111,26.54
6112,26.78
6113,26.43
6114,25.05
6115,23.16
6116,21.36
6117,20.4
6118,19.69
6119,19.18
6120,18.51
6121,17.96
6122,17.81
6123,17.67
6124,17.57
6125,17.53
6126,17.53
6127,17.55
6128,17.15
6129,17.42
6130,18.78
6131,19.95
6132,20.54
6133,20.76
6134,19.53
6135,19.87
6136,18.53
6137,17.55
6138,16.37
6139,15.47
6140,14.62
6141,14.16
6142,13.73
6143,13.44
6144,12.85
6145,11.92
6146,10.82
6147,10
6148,9.45
6149,9.05
6150,8.87
6151,10.07
6152,11.75
6153,13.35
6154,14.72
6155,15.9
6156,16.87
6157,17.59
6158,18.12
6159,18.31
6160,18.48
6161,18.2
6162,17.46
6163,15.67
6164,15.26
6165,14.7
6166,14.22
6167,13.78
6168,13.56
6169,12.81
6170,12.6
6171,12.17
6172,12.3
6173,12.03
6174,11.8
6175,12.3
6176,13.26
6177,14.91
6178,16.72
6179,18.33
6180,19.68
6181,20.66
6182,21.29
6183,21.6
6184,21.5
6185,21.24
6186,20.25
6187,18.9
6188,17.23
6189,16.38
6190,15.7
6191,15.02
6192,14.12
6193,12.99
6194,12.08
6195,11.38
6196,10.99
6197,10.59
6198,10.42
6199,11.61
6200,15.01
6201,17.66
6202,19.73
6203,21.47
6204,22.7
6205,23.54
6206,24.06
6207,24.3
6208,24.27
6209,23.78
6210,22.17
6211,19.95
6212,18.48
6213,17.17
6214,17.02
6215,17.64
6216,18.71
6217,18.29
6218,18.18
6219,18.07
6220,17.92
6221,17.69
6222,17.55
6223,17.61
6224,17.9
6225,21.26
6226,23.29
6227,24.69
6228,25.67
6229,26.27
6230,26.6
6231,26.85
6232,26.6
6233,25.97
6234,24.36
6235,22.09
6236,20.35
6237,19.26
6238,18.82
6239,18.55
6240,18.18
6241,17.48
6242,16.65
6243,16.09
6244,15.79
6245,15.26
6246,14.85
6247,15.62
6248,19.58
6249,20.24
6250,21.38
6251,22.9
6252,23.64
6253,23.52
6254,23.34
6255,22.71
6256,21.95
6257,21.39
6258,20.65
6259,19.74
6260,18.96
6261,18.4
6262,18.27
6263,18.2
6264,17.79
6265,17.2
6266,16.89
6267,16.48
6268,16.19
6269,15.59
6270,15.09
6271,15.08
6272,15.22
6273,15.72
6274,16.36
6275,17.36
6276,17.83
6277,18.03
6278,18.24
6279,18.52
6280,18.45
6281,18.24
6282,17.73
6283,17.1
6284,16.47
6285,16.08
6286,15.8
6287,15.63
6288,15.55
6289,15.57
6290,15.57
6291,15.34
6292,15.05
6293,14.8
6294,14.51
6295,14.73
6296,15.79
6297,17.27
6298,18.74
6299,20.19
6300,21.42
6301,22.31
6302,22.76
6303,22.98
6304,22.86
6305,22.3
6306,21.04
6307,19.52
6308,18.09
6309,16.72
6310,15.5
6311,14.58
6312,14
6313,13.44
6314,13.03
6315,12.76
6316,12.7
6317,12.57
6318,12.54
6319,12.97
6320,15.89
6321,19.41
6322,21.17
6323,22.25
6324,23.16
6325,23.36
6326,23.59
6327,23.19
6328,22.68
6329,22.21
6330,20.96
6331,20.41
6332,18.63
6333,18.22
6334,17.91
6335,17.78
6336,17.3
6337,16.63
6338,16.04
6339,15.59
6340,15.25
6341,14.88
6342,14.5
6343,14.27
6344,14.15
6345,14.48
6346,15.14
6347,15.6
6348,16.18
6349,16.75
6350,16.84
6351,17.1
6352,17.11
6353,16.95
6354,16.36
6355,15.36
6356,14.72
6357,13.92
6358,13.46
6359,13.29
6360,13.26
6361,12.95
6362,12.46
6363,11.96
6364,11.92
6365,12
6366,11.87
6367,11.84
6368,12.47
6369,13.17
6370,14.1
6371,14.71
6372,15.73
6373,16.12
6374,16.02
6375,15.83
6376,15.88
6377,15.71
6378,15.12
6379,14.05
6380,13.26
6381,12.89
6382,12.72
6383,12.38
6384,11.85
6385,11.12
6386,10.7
6387,10.48
6388,10.13
6389,9.64
6390,9.04
6391,9.3
6392,12.08
6393,13.11
6394,14.41
6395,15.62
6396,16.68
6397,17.45
6398,17.97
6399,18.29
6400,18.31
6401,17.85
6402,16.43
6403,14.54
6404,13.26
6405,11.9
6406,10.86
6407,10.05
6408,9.59
6409,9.16
6410,8.68
6411,8.36
6412,7.94
6413,7.4
6414,7.05
6415,7.53
6416,10.2
6417,13.18
6418,15.09
6419,16.67
6420,17.79
6421,18.69
6422,19.3
6423,19.58
6424,19.48
6425,18.74
6426,17.24
6427,14.93
6428,13.25
6429,12.17
6430,12.23
6431,12.38
6432,12.57
6433,13.5
6434,13.36
6435,13.02
6436,12.77
6437,12.48
6438,12.55
6439,12.55
6440,12.75
6441,15.79
6442,18.05
6443,19.53
6444,20.6
6445,21.4
6446,21.91
6447,22.13
6448,22.02
6449,21.39
6450,19.63
6451,17.4
6452,16.38
6453,16.41
6454,17.09
6455,16.53
6456,16.1
6457,15.72
6458,15.48
6459,14.85
6460,13.73
6461,14.23
6462,14.45
6463,14.5
6464,14.05
6465,17.73
6466,19.87
6467,21.31
6468,22.49
6469,23.24
6470,23.65
6471,23.7
6472,23.52
6473,22.75
6474,21.05
6475,19.32
6476,18.4
6477,17.19
6478,16.21
6479,16.18
6480,16.35
6481,15.73
6482,15.06
6483,13.98
6484,13.35
6485,12.91
6486,12.59
6487,12.76
6488,14.97
6489,18.78
6490,20.5
6491,22
6492,23.16
6493,23.97
6494,24.5
6495,24.71
6496,24.56
6497,23.86
6498,22.12
6499,21.91
6500,20.06
6501,18.13
6502,16.78
6503,15.81
6504,15.35
6505,14.87
6506,14.61
6507,14.35
6508,13.92
6509,13.37
6510,13.19
6511,13.35
6512,15.87
6513,18.85
6514,20.98
6515,22.47
6516,23.25
6517,23.47
6518,24.25
6519,24.46
6520,22.77
6521,21.42
6522,20.5
6523,19.28
6524,19.14
6525,18.58
6526,17.89
6527,16.91
6528,15.84
6529,14.93
6530,13.83
6531,13.08
6532,12.34
6533,11.93
6534,11.45
6535,11.37
6536,12.34
6537,13.22
6538,14.44
6539,15.55
6540,16.56
6541,17.43
6542,17.84
6543,17.84
6544,17.62
6545,17.02
6546,15.84
6547,14.34
6548,12.82
6549,11.9
6550,11.69
6551,11.45
6552,10.54
6553,9.9
6554,10.43
6555,10.85
6556,11.24
6557,11.83
6558,12.09
6559,12.47
6560,12.59
6561,14.14
6562,15.74
6563,17.12
6564,18.19
6565,19.17
6566,19.84
6567,20.12
6568,20.2
6569,19.58
6570,18.45
6571,17.69
6572,16.47
6573,15.78
6574,14.92
6575,13.92
6576,13.03
6577,12.41
6578,12.02
6579,11.67
6580,11.35
6581,11.08
6582,10.75
6583,11.09
6584,13.38
6585,17.47
6586,19.37
6587,21.08
6588,22.47
6589,23.57
6590,24.21
6591,24.4
6592,24.06
6593,22.79
6594,20.92
6595,19.3
6596,17.6
6597,16.01
6598,15.03
6599,14.26
6600,13.8
6601,13.4
6602,12.86
6603,12.47
6604,12.51
6605,13.31
6606,14.05
6607,15.37
6608,17.42
6609,19.05
6610,20.17
6611,21.33
6612,22.06
6613,22.08
6614,21.31
6615,19.13
6616,17
6617,15.7
6618,14.51
6619,13.2
6620,12.53
6621,12.11
6622,11.88
6623,11.76
6624,11.54
6625,11.47
6626,11.2
6627,11
6628,10.75
6629,10.66
6630,10.65
6631,10.86
6632,11.54
6633,12.49
6634,13.58
6635,14.71
6636,15.43
6637,15.88
6638,16.19
6639,16.11
6640,15.96
6641,15.44
6642,14.67
6643,14.02
6644,13.05
6645,12.64
6646,12.39
6647,12.03
6648,11.78
6649,11.64
6650,11.8
6651,11.86
6652,11.74
6653,11.62
6654,11.58
6655,11.84
6656,12.33
6657,13.1
6658,14
6659,14.81
6660,15.26
6661,15.57
6662,15.87
6663,15.93
6664,15.73
6665,15.33
6666,14.83
6667,14.41
6668,13.73
6669,13.33
6670,12.87
6671,12.43
6672,12.08
6673,11.52
6674,10.66
6675,10.1
6676,9.54
6677,9.13
6678,8.81
6679,8.76
6680,10.58
6681,12.36
6682,13.94
6683,15.24
6684,16.32
6685,17.22
6686,17.78
6687,17.9
6688,17.6
6689,16.81
6690,15.85
6691,15.41
6692,14.75
6693,14.22
6694,13.87
6695,13.64
6696,13.38
6697,13.07
6698,12.71
6699,12.5
6700,12.44
6701,12.38
6702,12.63
6703,12.72
6704,13.37
6705,14.16
6706,14.99
6707,15.27
6708,15.86
6709,17.11
6710,18.52
6711,19
6712,18.81
6713,18.36
6714,17.78
6715,17.5
6716,16.84
6717,16.86
6718,16.58
6719,16.29
6720,15.91
6721,15.92
6722,15.86
6723,15.49
6724,14.46
6725,12.94
6726,11.33
6727,10.25
6728,10.53
6729,10.14
6730,10.16
6731,10.94
6732,12.04
6733,12.88
6734,13.47
6735,13.82
6736,13.78
6737,13.44
6738,12.6
6739,11.72
6740,10.84
6741,10.7
6742,10.69
6743,10.68
6744,10.71
6745,10.8
6746,11.18
6747,11.75
6748,12.06
6749,12.63
6750,13.09
6751,13.38
6752,13.93
6753,14.49
6754,14.79
6755,15.48
6756,15.15
6757,14.97
6758,14.9
6759,15.29
6760,15.87
6761,15.79
6762,15.47
6763,15.23
6764,14.96
6765,15.12
6766,15.01
6767,14.97
6768,14.88
6769,14.79
6770,14.79
6771,14.65
6772,14.45
6773,14.25
6774,14.05
6775,13.82
6776,14.58
6777,14.9
6778,15.14
6779,16.28
6780,17.3
6781,18.4
6782,19.12
6783,20.02
6784,20.37
6785,19.54
6786,18.7
6787,17.94
6788,16.89
6789,16.08
6790,15.59
6791,15.01
6792,14.72
6793,14.56
6794,14.51
6795,14.48
6796,14.59
6797,14.64
6798,14.78
6799,14.69
6800,15.49
6801,16.94
6802,18.58
6803,20.09
6804,21.21
6805,22.03
6806,22.44
6807,22.36
6808,21.96
6809,21.22
6810,20.39
6811,19.77
6812,19.26
6813,19.06
6814,18.84
6815,18.58
6816,18.22
6817,17.58
6818,17.1
6819,16.9
6820,16.79
6821,16.28
6822,15.44
6823,14.52
6824,14.79
6825,15.04
6826,15.61
6827,16.31
6828,16.4
6829,16.4
6830,16.56
6831,16.72
6832,16.91
6833,16.5
6834,15.72
6835,15.33
6836,14.5
6837,14.23
6838,13.88
6839,13.74
6840,13.69
6841,14.3
6842,14.65
6843,14.99
6844,15.19
6845,15.31
6846,15.42
6847,15.56
6848,15.81
6849,16.5
6850,17.24
6851,17.4
6852,17.62
6853,19.48
6854,20.95
6855,21.41
6856,21.56
6857,21.13
6858,20.31
6859,19.53
6860,19.34
6861,19
6862,18.86
6863,18.57
6864,17.87
6865,17.22
6866,17.69
6867,17.78
6868,17.76
6869,17.43
6870,15.94
6871,13.54
6872,11.68
6873,11.96
6874,12.54
6875,13.26
6876,13.74
6877,13.77
6878,13.86
6879,13.62
6880,12.94
6881,12.3
6882,11.05
6883,10.17
6884,9.21
6885,8.64
6886,8.22
6887,7.93
6888,7.54
6889,7.33
6890,7.03
6891,6.75
6892,6.48
6893,6.23
6894,6.02
6895,5.93
6896,6.31
6897,6.65
6898,7.09
6899,7.54
6900,8.4
6901,8.96
6902,8.05
6903,8.19
6904,8.06
6905,7.72
6906,7.03
6907,6.69
6908,5.7
6909,5.35
6910,5.16
6911,4.95
6912,4.79
6913,4.6
6914,4.3
6915,4.1
6916,3.87
6917,3.67
6918,3.56
6919,3.45
6920,5.23
6921,6.38
6922,7.7
6923,8.62
6924,9.37
6925,9.82
6926,9.63
6927,9.54
6928,9.54
6929,8.97
6930,8.03
6931,7.04
6932,6.26
6933,6.26
6934,6.42
6935,6.29
6936,6.09
6937,5.98
6938,5.78
6939,5.74
6940,5.59
6941,5.21
6942,4.5
6943,4.19
6944,5.66
6945,6.76
6946,7.49
6947,8.58
6948,9.72
6949,10.05
6950,10.28
6951,10.41
6952,10.25
6953,9.65
6954,8.61
6955,7.96
6956,6.45
6957,5.83
6958,5.2
6959,4.71
6960,4.15
6961,3.51
6962,2.78
6963,2.28
6964,1.8
6965,1.45
6966,1.2
6967,1.29
6968,2.2
6969,3.65
6970,5.81
6971,7.68
6972,9.05
6973,9.99
6974,10.21
6975,9.96
6976,9.46
6977,8.47
6978,7.63
6979,7.17
6980,6.87
6981,6.61
6982,6.31
6983,6.42
6984,6.61
6985,6.61
6986,6.51
6987,6.49
6988,6.59
6989,6.8
6990,7.1
6991,7.39
6992,8.19
6993,9.09
6994,10.27
6995,11.49
6996,12.33
6997,13.12
6998,13.74
6999,14.11
7000,13.81
7001,13.07
7002,11.93
7003,11.68
7004,11.74
7005,11.53
7006,11.18
7007,10.8
7008,10.51
7009,10.17
7010,9.68
7011,9.27
7012,8.83
7013,8.46
7014,8.02
7015,7.67
7016,7.51
7017,7.49
7018,7.62
7019,7.7
7020,7.65
7021,7.65
7022,7.65
7023,7.78
7024,7.95
7025,8.13
7026,8.38
7027,8.82
7028,8.47
7029,9.23
7030,10
7031,10.14
7032,9.46
7033,8.64
7034,8.03
7035,8.2
7036,9.28
7037,10.49
7038,11.36
7039,11.4
7040,12.54
7041,13.32
7042,14.36
7043,15.15
7044,15.43
7045,15.8
7046,16
7047,15.85
7048,15.29
7049,14
7050,12.75
7051,11.79
7052,11.08
7053,10.87
7054,10.72
7055,10.22
7056,9.75
7057,8.97
7058,8.48
7059,8.06
7060,7.62
7061,7.24
7062,7.2
7063,7.17
7064,9
7065,10.68
7066,11.95
7067,12.81
7068,13.38
7069,13.11
7070,13.04
7071,12.89
7072,12.63
7073,12.28
7074,11.86
7075,11.38
7076,11.32
7077,11.14
7078,10.86
7079,10.67
7080,10.12
7081,9.85
7082,9.51
7083,9.33
7084,8.76
7085,8.56
7086,8.02
7087,7.86
7088,7.76
7089,10.28
7090,12.15
7091,13.06
7092,13.93
7093,14.54
7094,14.84
7095,14.78
7096,14.15
7097,13.11
7098,12.38
7099,11.63
7100,11.13
7101,11.07
7102,11.04
7103,10.7
7104,10.53
7105,10.44
7106,10.26
7107,9.84
7108,9.7
7109,9.77
7110,9.54
7111,9.09
7112,9.35
7113,10.97
7114,12.25
7115,13.04
7116,13.43
7117,13.46
7118,13.17
7119,12.81
7120,12.32
7121,11.89
7122,11.59
7123,11.44
7124,10.76
7125,10.44
7126,10.1
7127,9.36
7128,8.46
7129,7.7
7130,7.05
7131,6.29
7132,5.72
7133,5.12
7134,5
7135,5.13
7136,6.19
7137,8.29
7138,9.12
7139,10.26
7140,11.33
7141,11.88
7142,12.28
7143,12.37
7144,11.74
7145,10.89
7146,10.37
7147,10.25
7148,10.14
7149,10.09
7150,10.01
7151,9.88
7152,9.87
7153,10.09
7154,10.4
7155,10.47
7156,10.47
7157,10.27
7158,10.06
7159,9.9
7160,9.8
7161,9.78
7162,9.99
7163,10.08
7164,10.28
7165,10.56
7166,10.55
7167,10.63
7168,10.54
7169,10.22
7170,9.6
7171,8.61
7172,7.81
7173,7.7
7174,8.65
7175,8.36
7176,8.04
7177,7.4
7178,6.92
7179,7.39
7180,7.52
7181,7.82
7182,8.19
7183,8.37
7184,7.81
7185,8.32
7186,9.27
7187,9.72
7188,10.06
7189,10.12
7190,10.21
7191,10.13
7192,9.91
7193,9.54
7194,9.34
7195,9.28
7196,9.6
7197,9.46
7198,9.24
7199,8.87
7200,8.76
7201,8.42
7202,8.22
7203,8.03
7204,8.01
7205,8.2
7206,8.41
7207,8.76
7208,8.47
7209,9.1
7210,9.69
7211,10.65
7212,11.26
7213,11.58
7214,11.28
7215,11.34
7216,11.08
7217,10.32
7218,9.92
7219,9.43
7220,8.93
7221,8.63
7222,8.73
7223,8.77
7224,8.73
7225,9.01
7226,9.43
7227,9.92
7228,10.17
7229,10.45
7230,10.68
7231,10.79
7232,11.32
7233,11.95
7234,12.29
7235,13.02
7236,13.88
7237,14.28
7238,14.04
7239,13.31
7240,13.05
7241,12.85
7242,12.57
7243,12.35
7244,12.43
7245,12
7246,11.54
7247,11.39
7248,11.38
7249,11.35
7250,11.25
7251,11.11
7252,11
7253,10.96
7254,10.89
7255,10.64
7256,10.73
7257,11.18
7258,11.67
7259,12.25
7260,12.98
7261,13.95
7262,14.77
7263,14.93
7264,14.45
7265,13.32
7266,12.66
7267,12.29
7268,11.99
7269,11.42
7270,11.34
7271,11.8
7272,11.65
7273,10.45
7274,10.9
7275,11.58
7276,11.58
7277,11.24
7278,10.85
7279,10.16
7280,9.9
7281,9.89
7282,9.9
7283,10.13
7284,10.57
7285,11.01
7286,11.48
7287,11.66
7288,11.32
7289,10.79
7290,10.1
7291,9.72
7292,9.56
7293,9.16
7294,8.66
7295,8.17
7296,7.98
7297,8.01
7298,8.21
7299,8.74
7300,9.03
7301,8.98
7302,9.14
7303,9.32
7304,9.07
7305,9.82
7306,10.62
7307,11.09
7308,11.64
7309,12.26
7310,13.05
7311,13.12
7312,12.78
7313,11.83
7314,11.39
7315,11.44
7316,11.66
7317,11.71
7318,11.77
7319,11.27
7320,10.55
7321,10.03
7322,9.41
7323,8.77
7324,8.36
7325,8.1
7326,7.88
7327,8.19
7328,9.08
7329,9.91
7330,10.9
7331,11.49
7332,11.97
7333,12.17
7334,12.34
7335,12.43
7336,12.01
7337,11.69
7338,11.51
7339,11.22
7340,10.33
7341,10.21
7342,9.94
7343,9.71
7344,9.32
7345,8.82
7346,8.07
7347,7.4
7348,6.79
7349,6.23
7350,6.31
7351,6.54
7352,6.19
7353,7.11
7354,8.51
7355,9.35
7356,10.01
7357,10.42
7358,10.36
7359,10.32
7360,9.85
7361,9.12
7362,8.61
7363,8
7364,7.12
7365,6.81
7366,6.72
7367,6.29
7368,5.92
7369,5.66
7370,5.42
7371,5.31
7372,5.23
7373,5.09
7374,5.24
7375,5.5
7376,6.28
7377,6.74
7378,7.29
7379,8.18
7380,8.8
7381,9.69
7382,10
7383,9.68
7384,9.19
7385,8.33
7386,7.85
7387,7.51
7388,7.53
7389,7.62
7390,8.04
7391,8.36
7392,8.46
7393,8.39
7394,8.68
7395,8.85
7396,8.63
7397,8.5
7398,8.59
7399,8.5
7400,8.47
7401,8.75
7402,9.15
7403,9.67
7404,10.1
7405,10.22
7406,10.27
7407,10.32
7408,9.87
7409,9.4
7410,9.24
7411,9.09
7412,8.85
7413,8.72
7414,8.61
7415,8.77
7416,8.54
7417,8.44
7418,8.69
7419,8.78
7420,8.59
7421,8.42
7422,8.68
7423,8.66
7424,8.47
7425,8.85
7426,9.29
7427,9.71
7428,10.52
7429,10.78
7430,11.15
7431,11.09
7432,10.58
7433,9.76
7434,9.09
7435,8.66
7436,8.81
7437,8.55
7438,8.28
7439,8.24
7440,8.1
7441,8.01
7442,7.86
7443,7.4
7444,7.58
7445,7.94
7446,7.97
7447,8.01
7448,7.81
7449,8
7450,8.27
7451,9.2
7452,9.47
7453,9.67
7454,9.68
7455,9.2
7456,8.82
7457,8.04
7458,7.52
7459,7.17
7460,7.03
7461,6.81
7462,6.42
7463,6.38
7464,6.46
7465,6.83
7466,7.01
7467,7.02
7468,7.09
7469,7.09
7470,7.19
7471,7.11
7472,6.97
7473,7.15
7474,7.65
7475,8.18
7476,8.89
7477,9.35
7478,9.34
7479,9.17
7480,8.88
7481,7.93
7482,7.32
7483,6.98
7484,6.73
7485,6.61
7486,6.83
7487,6.78
7488,6.84
7489,6.79
7490,6.6
7491,6.38
7492,6.51
7493,6.85
7494,7.21
7495,7.37
7496,7.09
7497,7.46
7498,7.85
7499,8.06
7500,8.18
7501,8.41
7502,8.43
7503,8.37
7504,8.34
7505,8.35
7506,8.29
7507,8.31
7508,8.23
7509,7.81
7510,7.56
7511,7.35
7512,7.25
7513,7.57
7514,7.92
7515,7.65
7516,6.93
7517,6.13
7518,5.8
7519,5.9
7520,6.45
7521,7.07
7522,7.73
7523,8.23
7524,8.58
7525,8.68
7526,8.72
7527,8.51
7528,7.99
7529,7.43
7530,6.61
7531,5.92
7532,5.92
7533,5.67
7534,5.41
7535,5.04
7536,4.65
7537,4.35
7538,4.16
7539,4.04
7540,3.8
7541,4.07
7542,4.32
7543,4.82
7544,5.03
7545,5.09
7546,5.33
7547,5.62
7548,6.08
7549,6.53
7550,6.62
7551,6
7552,5.58
7553,4.83
7554,4.44
7555,3.99
7556,4.28
7557,4.56
7558,4.81
7559,4.93
7560,5.02
7561,5.11
7562,5.22
7563,5.23
7564,5.12
7565,5.04
7566,4.81
7567,4.1
7568,3.74
7569,4.1
7570,4.69
7571,5.32
7572,5.78
7573,6.16
7574,6.36
7575,6.42
7576,6.09
7577,5.22
7578,4.88
7579,4.3
7580,3.47
7581,2.89
7582,2.8
7583,2.55
7584,2.32
7585,2.78
7586,2.83
7587,2.95
7588,2.88
7589,2.85
7590,2.54
7591,2.56
7592,1.95
7593,3.41
7594,4.55
7595,5.35
7596,5.64
7597,6.03
7598,6.56
7599,6.79
7600,7.39
7601,8.1
7602,10.18
7603,12.3
7604,11.96
7605,12.25
7606,11.11
7607,9.96
7608,9.04
7609,8.44
7610,8.47
7611,8.52
7612,8.6
7613,8.82
7614,9.17
7615,9.22
7616,9.34
7617,9.45
7618,9.92
7619,10.57
7620,10.8
7621,11.19
7622,10.77
7623,10.69
7624,10.41
7625,9.84
7626,9.69
7627,9.48
7628,8.98
7629,8.89
7630,8.79
7631,8.62
7632,8.44
7633,8.23
7634,7.77
7635,7.58
7636,7.87
7637,7.99
7638,7.86
7639,7.74
7640,8.09
7641,8.27
7642,8.41
7643,8.4
7644,8.5
7645,8.66
7646,8.65
7647,8.4
7648,8.18
7649,7.6
7650,7.32
7651,7.24
7652,6.72
7653,6.39
7654,6.44
7655,6.34
7656,6.11
7657,6.08
7658,6.28
7659,6.34
7660,6.33
7661,6.43
7662,6.52
7663,6.57
7664,6.68
7665,6.67
7666,6.82
7667,7.15
7668,7.65
7669,7.76
7670,7.72
7671,7.22
7672,6.71
7673,5.96
7674,6.01
7675,5.6
7676,3.96
7677,3.5
7678,3.09
7679,2.63
7680,1.97
7681,1.71
7682,1.39
7683,1.29
7684,1.29
7685,1.2
7686,1.17
7687,1.24
7688,1.2
7689,1.97
7690,3.04
7691,4.1
7692,4.94
7693,5.68
7694,5.83
7695,5.47
7696,4.93
7697,4.38
7698,3.88
7699,3.74
7700,3.82
7701,3.82
7702,3.69
7703,3.57
7704,3.51
7705,3.6
7706,3.49
7707,3.54
7708,3.07
7709,3.06
7710,3.16
7711,2.77
7712,2.2
7713,2.84
7714,4.03
7715,4.67
7716,5.42
7717,5.77
7718,5.8
7719,5.54
7720,5.06
7721,4.69
7722,4.48
7723,4.33
7724,3.83
7725,3.68
7726,3.76
7727,3.82
7728,4.27
7729,4.68
7730,5.1
7731,5.56
7732,5.99
7733,6.61
7734,7.43
7735,8.35
7736,8.54
7737,9.17
7738,9.91
7739,10.58
7740,10.87
7741,10.6
7742,10.74
7743,10.44
7744,9.59
7745,8.98
7746,8.7
7747,8.33
7748,9.09
7749,9
7750,9
7751,8.74
7752,8.46
7753,8.35
7754,8.81
7755,9.15
7756,9.38
7757,9.31
7758,9.28
7759,9.22
7760,9.18
7761,9.18
7762,9.23
7763,9.42
7764,9.44
7765,9.41
7766,9.62
7767,9.24
7768,8.83
7769,7.97
7770,7.46
7771,7.04
7772,6.48
7773,6.05
7774,5.9
7775,5.71
7776,5.25
7777,4.98
7778,4.48
7779,3.84
7780,3.84
7781,4.13
7782,4.14
7783,4.17
7784,5.24
7785,5.83
7786,6.42
7787,6.45
7788,6.22
7789,5.87
7790,5.35
7791,4.81
7792,4.41
7793,4.03
7794,3.61
7795,3.11
7796,3.13
7797,2.77
7798,1.93
7799,1.62
7800,1.13
7801,0.73
7802,-0.3
7803,-0.42
7804,-0.97
7805,-1.31
7806,-1.78
7807,-2.15
7808,-1.95
7809,-1.95
7810,-1.48
7811,-1.05
7812,-0.68
7813,-0.36
7814,-0.03
7815,-0.02
7816,-0.16
7817,-0.34
7818,-0.47
7819,-0.37
7820,-1.12
7821,-0.99
7822,-0.78
7823,-0.57
7824,-0.07
7825,0.28
7826,0.7
7827,1.41
7828,2.02
7829,2.44
7830,2.83
7831,3.33
7832,3.72
7833,4.2
7834,4.78
7835,5.14
7836,5.65
7837,6.04
7838,6.61
7839,7.23
7840,7.56
7841,7.79
7842,7.99
7843,8.18
7844,8.31
7845,8.41
7846,8.36
7847,8.37
7848,7.93
7849,6.88
7850,6.24
7851,5.32
7852,4.6
7853,3.94
7854,3.49
7855,3.18
7856,3.32
7857,3.23
7858,3.51
7859,3.79
7860,3.93
7861,3.73
7862,3.67
7863,3.2
7864,2.71
7865,2.25
7866,2.1
7867,2.05
7868,1.85
7869,1.84
7870,1.45
7871,1.22
7872,0.94
7873,0.9
7874,0.81
7875,0.2
7876,-0.45
7877,-0.75
7878,-0.96
7879,-1.15
7880,-0.58
7881,0.21
7882,0.99
7883,1.31
7884,1.94
7885,2.45
7886,2.7
7887,2.8
7888,2.51
7889,1.75
7890,1.47
7891,1.15
7892,0.92
7893,0.26
7894,0.1
7895,-0.37
7896,-0.84
7897,-1.37
7898,-1.73
7899,-2.13
7900,-2.49
7901,-2.78
7902,-2.92
7903,-2.96
7904,-2.69
7905,-2.27
7906,-0.71
7907,1.16
7908,2.42
7909,2.89
7910,2.87
7911,2.48
7912,2.06
7913,1.78
7914,1.72
7915,1.99
7916,2.24
7917,2.46
7918,2.56
7919,2.54
7920,2.33
7921,2.17
7922,1.93
7923,1.81
7924,1.73
7925,1.72
7926,1.75
7927,1.69
7928,1.22
7929,1.28
7930,1.55
7931,2.04
7932,2.29
7933,2.32
7934,2.07
7935,1.54
7936,1.13
7937,1.01
7938,0.93
7939,0.87
7940,0.75
7941,0.66
7942,0.63
7943,0.52
7944,0.44
7945,0.41
7946,0.28
7947,0.17
7948,-0.18
7949,-0.67
7950,-1.14
7951,-1.68
7952,-1.9
7953,-2.03
7954,-1.93
7955,-1.86
7956,-1.74
7957,-1.57
7958,-1.58
7959,-1.73
7960,-2.46
7961,-3.43
7962,-4.62
7963,-5.82
7964,-7.58
7965,-8.47
7966,-9.49
7967,-10.09
7968,-10.61
7969,-10.64
7970,-9.99
7971,-8.24
7972,-5.85
7973,-4.59
7974,-3.94
7975,-3.45
7976,-3.23
7977,-3.06
7978,-2.26
7979,-1.59
7980,-0.83
7981,-0.04
7982,0.26
7983,0.42
7984,0.43
7985,-0.09
7986,-0.61
7987,-1.1
7988,-1.21
7989,-1.72
7990,-2.53
7991,-3.98
7992,-5.24
7993,-5.9
7994,-5.98
7995,-5.74
7996,-6.07
7997,-5.93
7998,-6.07
7999,-5.68
8000,-7.63
8001,-7.32
8002,-5.65
8003,-3.74
8004,-1.65
8005,-1.25
8006,-0.55
8007,-1.05
8008,-1.56
8009,-1.95
8010,-1.98
8011,-1.96
8012,-1.91
8013,-1.86
8014,-1.68
8015,-1.56
8016,-1.43
8017,-1.43
8018,-1.78
8019,-1.87
8020,-2.12
8021,-2.39
8022,-2.53
8023,-2.8
8024,-3.38
8025,-3.53
8026,-3.15
8027,-2.83
8028,-2.37
8029,-2.27
8030,-2.42
8031,-2.66
8032,-3.06
8033,-3.77
8034,-4.14
8035,-4.96
8036,-5.62
8037,-6.61
8038,-7.13
8039,-7.39
8040,-7.97
8041,-7.94
8042,-7.65
8043,-7.38
8044,-7.34
8045,-7.26
8046,-6.93
8047,-6.64
8048,-7.13
8049,-6.56
8050,-5.82
8051,-4.9
8052,-3.5
8053,-2.78
8054,-2.44
8055,-2.44
8056,-2.8
8057,-3.15
8058,-3.3
8059,-3.18
8060,-3.53
8061,-3.37
8062,-3.23
8063,-3.04
8064,-2.84
8065,-2.69
8066,-2.41
8067,-2.38
8068,-2.29
8069,-2.25
8070,-2.18
8071,-2.23
8072,-2.44
8073,-2.19
8074,-1.73
8075,-1.24
8076,-0.88
8077,-0.6
8078,-0.39
8079,-0.45
8080,-0.93
8081,-1.56
8082,-2.41
8083,-3.17
8084,-3.95
8085,-5.46
8086,-7.28
8087,-7.54
8088,-7.4
8089,-7.45
8090,-6.99
8091,-6.63
8092,-6.08
8093,-5.03
8094,-4.39
8095,-4.07
8096,-4.09
8097,-4.33
8098,-4.2
8099,-3.42
8100,-2.39
8101,-1.86
8102,-1.69
8103,-1.83
8104,-2.28
8105,-2.54
8106,-2.68
8107,-2.81
8108,-2.75
8109,-2.64
8110,-2.75
8111,-2.62
8112,-2.64
8113,-2.43
8114,-2.38
8115,-2.26
8116,-2.23
8117,-2.39
8118,-2.57
8119,-2.41
8120,-1.29
8121,-0.6
8122,0.15
8123,1.2
8124,2.15
8125,2.88
8126,3.23
8127,3.19
8128,2.74
8129,2.48
8130,2.29
8131,2.15
8132,1.49
8133,1.67
8134,1.63
8135,1.55
8136,1.2
8137,0.99
8138,0.7
8139,0.57
8140,0.29
8141,0.28
8142,0.47
8143,0.53
8144,0.69
8145,0.72
8146,0.77
8147,0.78
8148,0.81
8149,0.75
8150,0.64
8151,0.62
8152,0.26
8153,0.05
8154,0.06
8155,0.34
8156,0.46
8157,0.64
8158,0.71
8159,0.82
8160,0.85
8161,0.79
8162,0.94
8163,0.94
8164,0.87
8165,0.82
8166,0.8
8167,0.69
8168,0.97
8169,0.93
8170,1.32
8171,1.6
8172,1.81
8173,1.81
8174,1.56
8175,0.87
8176,-0.48
8177,-1.86
8178,-2.07
8179,-1.94
8180,-3.48
8181,-3.42
8182,-3.86
8183,-5.12
8184,-5.97
8185,-6.62
8186,-7.46
8187,-7.87
8188,-7.76
8189,-7.53
8190,-6.71
8191,-5.53
8192,-4.17
8193,-3.34
8194,-2.21
8195,-1.29
8196,-0.39
8197,-0.22
8198,0.06
8199,0.16
8200,0.26
8201,0.56
8202,0.81
8203,1.02
8204,0.82
8205,1.01
8206,1.19
8207,1.35
8208,1.44
8209,1.44
8210,1.68
8211,1.71
8212,1.75
8213,1.81
8214,1.78
8215,1.78
8216,1.79
8217,1.97
8218,2.28
8219,2.77
8220,3.1
8221,3.43
8222,3.65
8223,3.7
8224,3.55
8225,3.46
8226,3.5
8227,3.58
8228,3.57
8229,3.72
8230,3.49
8231,2.26
8232,2.17
8233,2.91
8234,4.3
8235,5.58
8236,5.65
8237,5.13
8238,4.85
8239,4.86
8240,5.35
8241,5.46
8242,5.66
8243,5.94
8244,6.15
8245,6.2
8246,6.12
8247,6.06
8248,6.16
8249,5.87
8250,5.9
8251,6.18
8252,6.29
8253,6.04
8254,5.74
8255,5.91
8256,6.79
8257,7.41
8258,7.9
8259,7.61
8260,7.29
8261,7.2
8262,7.19
8263,7.01
8264,6.89
8265,6.85
8266,7.48
8267,8.06
8268,8.38
8269,8.24
8270,8.16
8271,7.85
8272,7.5
8273,7.23
8274,6.9
8275,6.48
8276,6.47
8277,6.34
8278,6.17
8279,6.07
8280,5.98
8281,6.01
8282,5.89
8283,5.54
8284,5.09
8285,5.12
8286,5.17
8287,5.18
8288,5.37
8289,5.52
8290,6.41
8291,7.01
8292,7.36
8293,7.86
8294,7.86
8295,7.2
8296,6.03
8297,5.24
8298,4.99
8299,5.47
8300,5.57
8301,5.77
8302,5.86
8303,5.88
8304,5.9
8305,5.75
8306,5.73
8307,5.87
8308,6.12
8309,6.54
8310,6.63
8311,6.62
8312,5.52
8313,5.14
8314,6.05
8315,7.3
8316,7.8
8317,8.07
8318,8.25
8319,7.93
8320,7.28
8321,6.84
8322,6.54
8323,5.81
8324,6.47
8325,6.27
8326,5.1
8327,4.72
8328,4.43
8329,4.35
8330,4.27
8331,4.49
8332,4.54
8333,4.47
8334,4.36
8335,4.16
8336,3.97
8337,3.73
8338,3.52
8339,3.31
8340,3.38
8341,3.36
8342,3.4
8343,3.27
8344,2.93
8345,2.75
8346,2.54
8347,2.43
8348,2.51
8349,2.46
8350,2.18
8351,2.05
8352,1.83
8353,1.71
8354,1.61
8355,1.44
8356,1.56
8357,1.85
8358,2.04
8359,2.34
8360,2.1
8361,2.59
8362,3.08
8363,3.48
8364,4.14
8365,4.75
8366,5.07
8367,5.31
8368,5.18
8369,5.1
8370,5.12
8371,5.08
8372,4.46
8373,4.51
8374,4.25
8375,4.44
8376,4.58
8377,4.52
8378,4.1
8379,3.94
8380,3.79
8381,3.33
8382,3.11
8383,2.63
8384,3.09
8385,3.15
8386,3.6
8387,4.44
8388,5.12
8389,5.57
8390,5.81
8391,5.54
8392,5.05
8393,5.18
8394,5.28
8395,5.42
8396,5.47
8397,5.44
8398,5.4
8399,5.42
8400,5.47
8401,5.25
8402,5.2
8403,5.27
8404,5.04
8405,5.15
8406,5.3
8407,5.4
8408,4.86
8409,4.85
8410,5.1
8411,5.51
8412,5.67
8413,6.2
8414,6.4
8415,6.1
8416,5.62
8417,4.82
8418,4.58
8419,4.29
8420,4.03
8421,3.93
8422,3.68
8423,3.68
8424,3.76
8425,3.58
8426,3.53
8427,3.71
8428,3.75
8429,3.7
8430,3.68
8431,3.58
8432,3.45
8433,3.13
8434,3.44
8435,4.22
8436,5.1
8437,5.66
8438,5.88
8439,5.63
8440,4.99
8441,4.34
8442,3.9
8443,3.57
8444,3.03
8445,2.78
8446,2.54
8447,2.6
8448,2.24
8449,1.94
8450,1.61
8451,1.7
8452,1.88
8453,2.15
8454,2.2
8455,2.22
8456,2.36
8457,2.31
8458,2.45
8459,2.59
8460,2.82
8461,2.81
8462,3.04
8463,3.08
8464,3.34
8465,3.44
8466,3.51
8467,3.5
8468,3.08
8469,3.18
8470,3.29
8471,3.34
8472,3.46
8473,3.69
8474,4.51
8475,4.89
8476,5.12
8477,4.99
8478,4.44
8479,4.11
8480,3.84
8481,3.68
8482,3.9
8483,4.36
8484,4.63
8485,4.75
8486,4.98
8487,4.37
8488,4.07
8489,4.21
8490,4.33
8491,4.32
8492,4.19
8493,4.37
8494,4.58
8495,4.81
8496,5.02
8497,5.18
8498,5.49
8499,5.88
8500,6.22
8501,6.47
8502,6.61
8503,6.77
8504,6.62
8505,6.64
8506,6.6
8507,6.81
8508,7.17
8509,7.52
8510,7.78
8511,8.14
8512,8.01
8513,7.28
8514,6.03
8515,5.15
8516,4.8
8517,3.88
8518,3.33
8519,3.18
8520,2.84
8521,2.69
8522,2.62
8523,2.28
8524,2.14
8525,2
8526,2.26
8527,2.32
8528,2.5
8529,2.42
8530,2.75
8531,3.22
8532,3.5
8533,3.59
8534,4.14
8535,4.21
8536,3.68
8537,3.44
8538,3.19
8539,2.86
8540,4.02
8541,4.31
8542,4.06
8543,3.58
8544,3.19
8545,2.68
8546,2.29
8547,2.28
8548,2.38
8549,2.37
8550,2.15
8551,2.02
8552,1.86
8553,1.76
8554,1.73
8555,2.75
8556,3.97
8557,4.53
8558,4.7
8559,4.71
8560,4.8
8561,4.98
8562,5.26
8563,5.71
8564,6.34
8565,6.5
8566,6.57
8567,6.59
8568,6.63
8569,6.68
8570,6.43
8571,6.4
8572,6.43
8573,6.57
8574,6.73
8575,6.98
8576,6.97
8577,7.19
8578,7.44
8579,7.7
8580,8.02
8581,8.32
8582,8.61
8583,8.94
8584,9.15
8585,9.24
8586,9.29
8587,9.51
8588,9.49
8589,9.62
8590,9.73
8591,9.85
8592,10.01
8593,9.96
8594,10.07
8595,10.04
8596,9.99
8597,9.99
8598,10.04
8599,9.86
8600,9.65
8601,9.56
8602,9.7
8603,9.67
8604,9.38
8605,9.32
8606,9.17
8607,9.15
8608,9.04
8609,9.17
8610,9.41
8611,9.58
8612,9.05
8613,9.05
8614,9
8615,8.98
8616,9.04
8617,9.13
8618,9.22
8619,9.35
8620,9.4
8621,9.22
8622,8.83
8623,8.55
8624,8.61
8625,8.54
8626,8.25
8627,8.16
8628,8.07
8629,7.82
8630,7.62
8631,7.3
8632,6.89
8633,6.67
8634,6.49
8635,6.35
8636,6.55
8637,6.31
8638,6.07
8639,5.67
8640,5.27
8641,4.94
8642,4.38
8643,4.04
8644,3.82
8645,3.66
8646,3.2
8647,2.57
8648,2.36
8649,2.57
8650,3.4
8651,4.89
8652,5.38
8653,5.64
8654,5.89
8655,5.94
8656,5.96
8657,6.08
8658,6.19
8659,5.94
8660,5.46
8661,5.29
8662,5.36
8663,5.64
8664,6.12
8665,6.55
8666,6.7
8667,6.45
8668,6.32
8669,6.66
8670,6.54
8671,6.47
8672,6.44
8673,6.6
8674,7.14
8675,7.93
8676,8.68
8677,8.98
8678,9
8679,8.92
8680,8.22
8681,7.74
8682,7.69
8683,7.54
8684,7.37
8685,7.12
8686,6.94
8687,6.98
8688,6.79
8689,6.95
8690,7.44
8691,7.46
8692,7.34
8693,7.17
8694,7.31
8695,7.55
8696,8.09
8697,8.29
8698,8.57
8699,8.78
8700,8.79
8701,8.9
8702,8.61
8703,8.49
8704,8.39
8705,8.21
8706,8.08
8707,8.06
8708,8.3
8709,8.34
8710,8.38
8711,8.19
8712,7.62
8713,7.17
8714,6.73
8715,6.47
8716,6.04
8717,5.68
8718,5.28
8719,4.94
8720,5.23
8721,5.28
8722,5.61
8723,6.21
8724,6.66
8725,7.03
8726,7.09
8727,6.91
8728,6.44
8729,5.9
8730,5.8
8731,5.83
8732,5.93
8733,5.52
8734,5.15
8735,4.67
8736,4.32
8737,4.29
8738,3.85
8739,3.4
8740,2.82
8741,2.35
8742,1.96
8743,1.75
8744,2.07
8745,2.31
8746,3.97
8747,5.72
8748,6.7
8749,7.39
8750,7.63
8751,7.23
8752,7.07
8753,6.63
8754,6.51
8755,6.15
8756,6.03
8757,5.65
8758,5.38
8759,5.17
8760,4.93
